pdf,text,model,regions,sdgs,countries,reasoning
dritter-entwicklungspolitischer-aktionsplan-zur-gleichstellung-der-geschlechter.pdf,"Übergang zu einer sozial- und klimaverträglichen Wirtschaftsweise (Just Transition) Der gerechte Übergang zu einer sozial- und klimaverträglichen Wirtschaftsweise (Just Transition) verknüpft ökologische, soziale und demokratische Aspekte und sichert Wahlfreiheit, Selbstbestimmung und das Anrecht auf Teilhabe und Teilnahme. Entscheidend für eine gerechte, sozial-ökologische Transformation und damit für den gerechten Übergang zu einer sozial- und klimaverträglichen Wirtschaftsweise ist die Teilhabe und Stärkung von Frauen und marginalisierten Gruppen als Akteur*innen des Wandels. Überlebendenzentrierter Ansatz",llama3.2:3b,"['Europe', 'Latin America']",[17.7],['Germany'],
dritter-entwicklungspolitischer-aktionsplan-zur-gleichstellung-der-geschlechter.pdf,"Übergang zu einer sozial- und klimaverträglichen Wirtschaftsweise (Just Transition) Der gerechte Übergang zu einer sozial- und klimaverträglichen Wirtschaftsweise (Just Transition) verknüpft ökologische, soziale und demokratische Aspekte und sichert Wahlfreiheit, Selbstbestimmung und das Anrecht auf Teilhabe und Teilnahme. Entscheidend für eine gerechte, sozial-ökologische Transformation und damit für den gerechten Übergang zu einer sozial- und klimaverträglichen Wirtschaftsweise ist die Teilhabe und Stärkung von Frauen und marginalisierten Gruppen als Akteur*innen des Wandels. Überlebendenzentrierter Ansatz",olfh/teuken-7b-instruct-commercial-v0.4:7b,[],"[10.2, 10.3]",[],
dritter-entwicklungspolitischer-aktionsplan-zur-gleichstellung-der-geschlechter.pdf,"Übergang zu einer sozial- und klimaverträglichen Wirtschaftsweise (Just Transition) Der gerechte Übergang zu einer sozial- und klimaverträglichen Wirtschaftsweise (Just Transition) verknüpft ökologische, soziale und demokratische Aspekte und sichert Wahlfreiheit, Selbstbestimmung und das Anrecht auf Teilhabe und Teilnahme. Entscheidend für eine gerechte, sozial-ökologische Transformation und damit für den gerechten Übergang zu einer sozial- und klimaverträglichen Wirtschaftsweise ist die Teilhabe und Stärkung von Frauen und marginalisierten Gruppen als Akteur*innen des Wandels. Überlebendenzentrierter Ansatz",qwen2.5:7b,[],"[10.4, 10.7]",[],
dritter-entwicklungspolitischer-aktionsplan-zur-gleichstellung-der-geschlechter.pdf,"Übergang zu einer sozial- und klimaverträglichen Wirtschaftsweise (Just Transition) Der gerechte Übergang zu einer sozial- und klimaverträglichen Wirtschaftsweise (Just Transition) verknüpft ökologische, soziale und demokratische Aspekte und sichert Wahlfreiheit, Selbstbestimmung und das Anrecht auf Teilhabe und Teilnahme. Entscheidend für eine gerechte, sozial-ökologische Transformation und damit für den gerechten Übergang zu einer sozial- und klimaverträglichen Wirtschaftsweise ist die Teilhabe und Stärkung von Frauen und marginalisierten Gruppen als Akteur*innen des Wandels. Überlebendenzentrierter Ansatz",mistral:7b,"['Africa', 'Asia', 'Latin America', 'Europe']","[10.4, 8.8, 5.12, 17.13]",[],
dritter-entwicklungspolitischer-aktionsplan-zur-gleichstellung-der-geschlechter.pdf,"Übergang zu einer sozial- und klimaverträglichen Wirtschaftsweise (Just Transition) Der gerechte Übergang zu einer sozial- und klimaverträglichen Wirtschaftsweise (Just Transition) verknüpft ökologische, soziale und demokratische Aspekte und sichert Wahlfreiheit, Selbstbestimmung und das Anrecht auf Teilhabe und Teilnahme. Entscheidend für eine gerechte, sozial-ökologische Transformation und damit für den gerechten Übergang zu einer sozial- und klimaverträglichen Wirtschaftsweise ist die Teilhabe und Stärkung von Frauen und marginalisierten Gruppen als Akteur*innen des Wandels. Überlebendenzentrierter Ansatz",llama3.1:8b,['Europe'],[],[],
dritter-religions-und-weltanschauungsfreiheitsbericht.pdf,"Einschränkungen der Religions- und Weltanschauungsfreiheit durch Gesellschaftliche Konflikte mit religiöser Komponente staatliche Akteure Atheismus ist gesellschaftlich und religiös geächtet, Die muslimische Bevölkerung hat ihre Wurzeln bei Bevölkerungsgruppen, die teils seit dem 16. Jahrhundert aus Sudan, seit den 1920er Jahren aus Nigeria und Niger, sowie aus Tschad eingewandert sind. Die Zugehörigkeit von Musliminnen und Muslimen zur zentralafrikanischen Bevölkerung wird teils durch Medien, aber auch vereinzelt durch Vertreter amtlicher Stellen und Regierung sowie in den Medien werden Musliminnen und Muslime teils negativ dargestellt; Vorurteile sind weit verbreitet. Die seit 2014 im Land befindliche VN-Mission MINUSCA richtete eine Beobachtungsstelle zu Hassrede ein. 2018 wurde eine Kirche in Bangui niedergebrannt, dabei starben 16 Menschen. 2018 verabschiedete die Regierung der Zentralafrikanischen Republik den Nationalen Plan zur Prävention der Volksverhetzung. Er beinhaltet Präventionsarbeit auf Ebene von Kirchen und Schulen, kulturelle Aktivitäten und Reformen im Bereich Cybersicherheit und Journalismus.",llama3.2:3b,['Africa'],[16.1],"['Sudan', 'Nigeria', 'C Chad']",
dritter-religions-und-weltanschauungsfreiheitsbericht.pdf,"Einschränkungen der Religions- und Weltanschauungsfreiheit durch Gesellschaftliche Konflikte mit religiöser Komponente staatliche Akteure Atheismus ist gesellschaftlich und religiös geächtet, Die muslimische Bevölkerung hat ihre Wurzeln bei Bevölkerungsgruppen, die teils seit dem 16. Jahrhundert aus Sudan, seit den 1920er Jahren aus Nigeria und Niger, sowie aus Tschad eingewandert sind. Die Zugehörigkeit von Musliminnen und Muslimen zur zentralafrikanischen Bevölkerung wird teils durch Medien, aber auch vereinzelt durch Vertreter amtlicher Stellen und Regierung sowie in den Medien werden Musliminnen und Muslime teils negativ dargestellt; Vorurteile sind weit verbreitet. Die seit 2014 im Land befindliche VN-Mission MINUSCA richtete eine Beobachtungsstelle zu Hassrede ein. 2018 wurde eine Kirche in Bangui niedergebrannt, dabei starben 16 Menschen. 2018 verabschiedete die Regierung der Zentralafrikanischen Republik den Nationalen Plan zur Prävention der Volksverhetzung. Er beinhaltet Präventionsarbeit auf Ebene von Kirchen und Schulen, kulturelle Aktivitäten und Reformen im Bereich Cybersicherheit und Journalismus.",olfh/teuken-7b-instruct-commercial-v0.4:7b,['Africa'],"[16.2, 16.3]",['Central African Republic'],
dritter-religions-und-weltanschauungsfreiheitsbericht.pdf,"Einschränkungen der Religions- und Weltanschauungsfreiheit durch Gesellschaftliche Konflikte mit religiöser Komponente staatliche Akteure Atheismus ist gesellschaftlich und religiös geächtet, Die muslimische Bevölkerung hat ihre Wurzeln bei Bevölkerungsgruppen, die teils seit dem 16. Jahrhundert aus Sudan, seit den 1920er Jahren aus Nigeria und Niger, sowie aus Tschad eingewandert sind. Die Zugehörigkeit von Musliminnen und Muslimen zur zentralafrikanischen Bevölkerung wird teils durch Medien, aber auch vereinzelt durch Vertreter amtlicher Stellen und Regierung sowie in den Medien werden Musliminnen und Muslime teils negativ dargestellt; Vorurteile sind weit verbreitet. Die seit 2014 im Land befindliche VN-Mission MINUSCA richtete eine Beobachtungsstelle zu Hassrede ein. 2018 wurde eine Kirche in Bangui niedergebrannt, dabei starben 16 Menschen. 2018 verabschiedete die Regierung der Zentralafrikanischen Republik den Nationalen Plan zur Prävention der Volksverhetzung. Er beinhaltet Präventionsarbeit auf Ebene von Kirchen und Schulen, kulturelle Aktivitäten und Reformen im Bereich Cybersicherheit und Journalismus.",qwen2.5:7b,['Africa'],[10.2],['Central African Republic'],
dritter-religions-und-weltanschauungsfreiheitsbericht.pdf,"Einschränkungen der Religions- und Weltanschauungsfreiheit durch Gesellschaftliche Konflikte mit religiöser Komponente staatliche Akteure Atheismus ist gesellschaftlich und religiös geächtet, Die muslimische Bevölkerung hat ihre Wurzeln bei Bevölkerungsgruppen, die teils seit dem 16. Jahrhundert aus Sudan, seit den 1920er Jahren aus Nigeria und Niger, sowie aus Tschad eingewandert sind. Die Zugehörigkeit von Musliminnen und Muslimen zur zentralafrikanischen Bevölkerung wird teils durch Medien, aber auch vereinzelt durch Vertreter amtlicher Stellen und Regierung sowie in den Medien werden Musliminnen und Muslime teils negativ dargestellt; Vorurteile sind weit verbreitet. Die seit 2014 im Land befindliche VN-Mission MINUSCA richtete eine Beobachtungsstelle zu Hassrede ein. 2018 wurde eine Kirche in Bangui niedergebrannt, dabei starben 16 Menschen. 2018 verabschiedete die Regierung der Zentralafrikanischen Republik den Nationalen Plan zur Prävention der Volksverhetzung. Er beinhaltet Präventionsarbeit auf Ebene von Kirchen und Schulen, kulturelle Aktivitäten und Reformen im Bereich Cybersicherheit und Journalismus.",mistral:7b,['Africa'],"[10.2, 16.1]",['Central African Republic'],
dritter-religions-und-weltanschauungsfreiheitsbericht.pdf,"Einschränkungen der Religions- und Weltanschauungsfreiheit durch Gesellschaftliche Konflikte mit religiöser Komponente staatliche Akteure Atheismus ist gesellschaftlich und religiös geächtet, Die muslimische Bevölkerung hat ihre Wurzeln bei Bevölkerungsgruppen, die teils seit dem 16. Jahrhundert aus Sudan, seit den 1920er Jahren aus Nigeria und Niger, sowie aus Tschad eingewandert sind. Die Zugehörigkeit von Musliminnen und Muslimen zur zentralafrikanischen Bevölkerung wird teils durch Medien, aber auch vereinzelt durch Vertreter amtlicher Stellen und Regierung sowie in den Medien werden Musliminnen und Muslime teils negativ dargestellt; Vorurteile sind weit verbreitet. Die seit 2014 im Land befindliche VN-Mission MINUSCA richtete eine Beobachtungsstelle zu Hassrede ein. 2018 wurde eine Kirche in Bangui niedergebrannt, dabei starben 16 Menschen. 2018 verabschiedete die Regierung der Zentralafrikanischen Republik den Nationalen Plan zur Prävention der Volksverhetzung. Er beinhaltet Präventionsarbeit auf Ebene von Kirchen und Schulen, kulturelle Aktivitäten und Reformen im Bereich Cybersicherheit und Journalismus.",llama3.1:8b,['Africa'],"[10.2, 16.1]","['Central African Republic', 'Bangladesh']",
bmz-leitlinien-evaluierung-2021.pdf,"Prozess und Produkte Eine angemessene Beteiligung der Stakeholder während des gesamten Prozesses ist von entscheidender Bedeutung für die Qualität und spätere Nutzung (durch Lernen im Prozess) der Evaluierung. Bei strategischen Evaluierungen des BMZ und des DEval hat sich die Einrichtung einer die Evaluierung entlang von Meilensteinen (s. u.) begleitenden Referenzgruppe bewährt, die außer dem BMZ und in geeigneten Fällen auch Partnerorganisationen auch die betroffenen EZ-Organisationen sowie ggf. weitere Wissenstragende einbezieht. Der Evaluierungsprozess besteht idealtypisch aus vier Phasen mit jeweils einem oder mehreren spezifischen Produkten, je nach Reichweite der Evaluierung, und unterschiedlichen Hauptverantwortlichen und Mitwirkenden: (1) Vorbereitung/Konzeption; (2) Durchführung (Datenerhebung und Datenanalyse); (3) Berichterstellung und Berichtslegung; (4) Umsetzung von Empfehlungen. 18BMZ-PAPIER 4 | 2021 LEITLINIEN FÜR DIE EVALUIERUNG DER ENTWICKLUNGSZUSAMMENARBEIT (1) Vorbereitung/Konzeption. Verantwortlich: Evaluierungsstelle; Meilenstein: Konzept/ToR Die Konzeption einer Evaluierung, die in jedem Fall zu erstellen ist, findet in der Regel ihren Niederschlag in einer Leistungsbeschreibung („Terms of Reference“, ToR) für die Auswahl des Evaluierungsteams. Zu den zentralen Bausteinen einer Konzeption vgl. BMZ-Glossar.",llama3.2:3b,['Europe'],"[10, 16.7]",['Germany'],
bmz-leitlinien-evaluierung-2021.pdf,"Prozess und Produkte Eine angemessene Beteiligung der Stakeholder während des gesamten Prozesses ist von entscheidender Bedeutung für die Qualität und spätere Nutzung (durch Lernen im Prozess) der Evaluierung. Bei strategischen Evaluierungen des BMZ und des DEval hat sich die Einrichtung einer die Evaluierung entlang von Meilensteinen (s. u.) begleitenden Referenzgruppe bewährt, die außer dem BMZ und in geeigneten Fällen auch Partnerorganisationen auch die betroffenen EZ-Organisationen sowie ggf. weitere Wissenstragende einbezieht. Der Evaluierungsprozess besteht idealtypisch aus vier Phasen mit jeweils einem oder mehreren spezifischen Produkten, je nach Reichweite der Evaluierung, und unterschiedlichen Hauptverantwortlichen und Mitwirkenden: (1) Vorbereitung/Konzeption; (2) Durchführung (Datenerhebung und Datenanalyse); (3) Berichterstellung und Berichtslegung; (4) Umsetzung von Empfehlungen. 18BMZ-PAPIER 4 | 2021 LEITLINIEN FÜR DIE EVALUIERUNG DER ENTWICKLUNGSZUSAMMENARBEIT (1) Vorbereitung/Konzeption. Verantwortlich: Evaluierungsstelle; Meilenstein: Konzept/ToR Die Konzeption einer Evaluierung, die in jedem Fall zu erstellen ist, findet in der Regel ihren Niederschlag in einer Leistungsbeschreibung („Terms of Reference“, ToR) für die Auswahl des Evaluierungsteams. Zu den zentralen Bausteinen einer Konzeption vgl. BMZ-Glossar.",olfh/teuken-7b-instruct-commercial-v0.4:7b,['Latin America'],"[10.2, 10.3, 16.1, 16.1]",['Brazil'],
bmz-leitlinien-evaluierung-2021.pdf,"Prozess und Produkte Eine angemessene Beteiligung der Stakeholder während des gesamten Prozesses ist von entscheidender Bedeutung für die Qualität und spätere Nutzung (durch Lernen im Prozess) der Evaluierung. Bei strategischen Evaluierungen des BMZ und des DEval hat sich die Einrichtung einer die Evaluierung entlang von Meilensteinen (s. u.) begleitenden Referenzgruppe bewährt, die außer dem BMZ und in geeigneten Fällen auch Partnerorganisationen auch die betroffenen EZ-Organisationen sowie ggf. weitere Wissenstragende einbezieht. Der Evaluierungsprozess besteht idealtypisch aus vier Phasen mit jeweils einem oder mehreren spezifischen Produkten, je nach Reichweite der Evaluierung, und unterschiedlichen Hauptverantwortlichen und Mitwirkenden: (1) Vorbereitung/Konzeption; (2) Durchführung (Datenerhebung und Datenanalyse); (3) Berichterstellung und Berichtslegung; (4) Umsetzung von Empfehlungen. 18BMZ-PAPIER 4 | 2021 LEITLINIEN FÜR DIE EVALUIERUNG DER ENTWICKLUNGSZUSAMMENARBEIT (1) Vorbereitung/Konzeption. Verantwortlich: Evaluierungsstelle; Meilenstein: Konzept/ToR Die Konzeption einer Evaluierung, die in jedem Fall zu erstellen ist, findet in der Regel ihren Niederschlag in einer Leistungsbeschreibung („Terms of Reference“, ToR) für die Auswahl des Evaluierungsteams. Zu den zentralen Bausteinen einer Konzeption vgl. BMZ-Glossar.",qwen2.5:7b,[],[16.7],[],
bmz-leitlinien-evaluierung-2021.pdf,"Prozess und Produkte Eine angemessene Beteiligung der Stakeholder während des gesamten Prozesses ist von entscheidender Bedeutung für die Qualität und spätere Nutzung (durch Lernen im Prozess) der Evaluierung. Bei strategischen Evaluierungen des BMZ und des DEval hat sich die Einrichtung einer die Evaluierung entlang von Meilensteinen (s. u.) begleitenden Referenzgruppe bewährt, die außer dem BMZ und in geeigneten Fällen auch Partnerorganisationen auch die betroffenen EZ-Organisationen sowie ggf. weitere Wissenstragende einbezieht. Der Evaluierungsprozess besteht idealtypisch aus vier Phasen mit jeweils einem oder mehreren spezifischen Produkten, je nach Reichweite der Evaluierung, und unterschiedlichen Hauptverantwortlichen und Mitwirkenden: (1) Vorbereitung/Konzeption; (2) Durchführung (Datenerhebung und Datenanalyse); (3) Berichterstellung und Berichtslegung; (4) Umsetzung von Empfehlungen. 18BMZ-PAPIER 4 | 2021 LEITLINIEN FÜR DIE EVALUIERUNG DER ENTWICKLUNGSZUSAMMENARBEIT (1) Vorbereitung/Konzeption. Verantwortlich: Evaluierungsstelle; Meilenstein: Konzept/ToR Die Konzeption einer Evaluierung, die in jedem Fall zu erstellen ist, findet in der Regel ihren Niederschlag in einer Leistungsbeschreibung („Terms of Reference“, ToR) für die Auswahl des Evaluierungsteams. Zu den zentralen Bausteinen einer Konzeption vgl. BMZ-Glossar.",mistral:7b,[],"[4.7, 16.7]",[],
bmz-leitlinien-evaluierung-2021.pdf,"Prozess und Produkte Eine angemessene Beteiligung der Stakeholder während des gesamten Prozesses ist von entscheidender Bedeutung für die Qualität und spätere Nutzung (durch Lernen im Prozess) der Evaluierung. Bei strategischen Evaluierungen des BMZ und des DEval hat sich die Einrichtung einer die Evaluierung entlang von Meilensteinen (s. u.) begleitenden Referenzgruppe bewährt, die außer dem BMZ und in geeigneten Fällen auch Partnerorganisationen auch die betroffenen EZ-Organisationen sowie ggf. weitere Wissenstragende einbezieht. Der Evaluierungsprozess besteht idealtypisch aus vier Phasen mit jeweils einem oder mehreren spezifischen Produkten, je nach Reichweite der Evaluierung, und unterschiedlichen Hauptverantwortlichen und Mitwirkenden: (1) Vorbereitung/Konzeption; (2) Durchführung (Datenerhebung und Datenanalyse); (3) Berichterstellung und Berichtslegung; (4) Umsetzung von Empfehlungen. 18BMZ-PAPIER 4 | 2021 LEITLINIEN FÜR DIE EVALUIERUNG DER ENTWICKLUNGSZUSAMMENARBEIT (1) Vorbereitung/Konzeption. Verantwortlich: Evaluierungsstelle; Meilenstein: Konzept/ToR Die Konzeption einer Evaluierung, die in jedem Fall zu erstellen ist, findet in der Regel ihren Niederschlag in einer Leistungsbeschreibung („Terms of Reference“, ToR) für die Auswahl des Evaluierungsteams. Zu den zentralen Bausteinen einer Konzeption vgl. BMZ-Glossar.",llama3.1:8b,['Europe'],[17.19],['Germany'],
syspons-review-aktionsplan-kinderrechte-abschlussbericht.pdf,"D E R D E U T S C H E N E N T W I C K L U N G S Z U S A M M E N A R B E I T 3 9 | 1 1 7 Gleichzeitig zeigt der Vergleich der Portfolioschwerpunkte mit den identifizierten Trend- und Bedarfsthemen, dass einige der Themenbereiche bisher nur bedingt mit den politischen Schwerpunktsetzungen übereinstimmten. Besonders deutlich wird dies in den Themenfeldern Klima, Digitalisierung, Ernährungssicherheit und Sozialer Sicherung & Armut. In diesen Themenfeldern arbeiten nur jeweils weniger als ein Zehntel der kinder- und jugendrechtlich relevanten Vorhaben aus den Portfoliolisten der GIZ und KfW, was im Kontrast zum in der Trend- und Bedarfsanalyse identifizierten hohen Bedarf in diesen Themenbereichen steht. Hier besteht folglich ein hohes Potenzial, dringende Bedarfe stärker zu adressieren. Dafür wäre, basierend auf den Ergebnissen der Verständnisanalyse, eine explizite Verankerung von Kinder- und Jugendrechten auf strategischer Ebene sowie eine Priorisierung von Themenfeldern für deren Umsetzung, eine wichtige Voraussetzung. Abbildung 4 gibt einen Überblick über den Vergleich der Trend- und Bedarfsthemen mit den Schwerpunkten des aktuellen Portfolios. Der Grad der Farbgebung spiegelt dabei wider, wie viele der kinder- und jugendrechtsrelevanten Vorhaben aktuell in diesem Themenbereich liegen. Rund ein Gesundheit, SRGR & Mental Health Bildung Gut ein Drittel der Zehntel der Vorhaben arbeiten Vorhaben im Bildungssektor, Digitalisierung",llama3.2:3b,"['Europe', 'Africa']",[1.5],['Germany'],
syspons-review-aktionsplan-kinderrechte-abschlussbericht.pdf,"D E R D E U T S C H E N E N T W I C K L U N G S Z U S A M M E N A R B E I T 3 9 | 1 1 7 Gleichzeitig zeigt der Vergleich der Portfolioschwerpunkte mit den identifizierten Trend- und Bedarfsthemen, dass einige der Themenbereiche bisher nur bedingt mit den politischen Schwerpunktsetzungen übereinstimmten. Besonders deutlich wird dies in den Themenfeldern Klima, Digitalisierung, Ernährungssicherheit und Sozialer Sicherung & Armut. In diesen Themenfeldern arbeiten nur jeweils weniger als ein Zehntel der kinder- und jugendrechtlich relevanten Vorhaben aus den Portfoliolisten der GIZ und KfW, was im Kontrast zum in der Trend- und Bedarfsanalyse identifizierten hohen Bedarf in diesen Themenbereichen steht. Hier besteht folglich ein hohes Potenzial, dringende Bedarfe stärker zu adressieren. Dafür wäre, basierend auf den Ergebnissen der Verständnisanalyse, eine explizite Verankerung von Kinder- und Jugendrechten auf strategischer Ebene sowie eine Priorisierung von Themenfeldern für deren Umsetzung, eine wichtige Voraussetzung. Abbildung 4 gibt einen Überblick über den Vergleich der Trend- und Bedarfsthemen mit den Schwerpunkten des aktuellen Portfolios. Der Grad der Farbgebung spiegelt dabei wider, wie viele der kinder- und jugendrechtsrelevanten Vorhaben aktuell in diesem Themenbereich liegen. Rund ein Gesundheit, SRGR & Mental Health Bildung Gut ein Drittel der Zehntel der Vorhaben arbeiten Vorhaben im Bildungssektor, Digitalisierung",olfh/teuken-7b-instruct-commercial-v0.4:7b,['Latin America'],"[10.2, 10.3, 16.1, 16.1]",['Brazil'],
syspons-review-aktionsplan-kinderrechte-abschlussbericht.pdf,"D E R D E U T S C H E N E N T W I C K L U N G S Z U S A M M E N A R B E I T 3 9 | 1 1 7 Gleichzeitig zeigt der Vergleich der Portfolioschwerpunkte mit den identifizierten Trend- und Bedarfsthemen, dass einige der Themenbereiche bisher nur bedingt mit den politischen Schwerpunktsetzungen übereinstimmten. Besonders deutlich wird dies in den Themenfeldern Klima, Digitalisierung, Ernährungssicherheit und Sozialer Sicherung & Armut. In diesen Themenfeldern arbeiten nur jeweils weniger als ein Zehntel der kinder- und jugendrechtlich relevanten Vorhaben aus den Portfoliolisten der GIZ und KfW, was im Kontrast zum in der Trend- und Bedarfsanalyse identifizierten hohen Bedarf in diesen Themenbereichen steht. Hier besteht folglich ein hohes Potenzial, dringende Bedarfe stärker zu adressieren. Dafür wäre, basierend auf den Ergebnissen der Verständnisanalyse, eine explizite Verankerung von Kinder- und Jugendrechten auf strategischer Ebene sowie eine Priorisierung von Themenfeldern für deren Umsetzung, eine wichtige Voraussetzung. Abbildung 4 gibt einen Überblick über den Vergleich der Trend- und Bedarfsthemen mit den Schwerpunkten des aktuellen Portfolios. Der Grad der Farbgebung spiegelt dabei wider, wie viele der kinder- und jugendrechtsrelevanten Vorhaben aktuell in diesem Themenbereich liegen. Rund ein Gesundheit, SRGR & Mental Health Bildung Gut ein Drittel der Zehntel der Vorhaben arbeiten Vorhaben im Bildungssektor, Digitalisierung",qwen2.5:7b,[],"[4, 15]",[],
syspons-review-aktionsplan-kinderrechte-abschlussbericht.pdf,"D E R D E U T S C H E N E N T W I C K L U N G S Z U S A M M E N A R B E I T 3 9 | 1 1 7 Gleichzeitig zeigt der Vergleich der Portfolioschwerpunkte mit den identifizierten Trend- und Bedarfsthemen, dass einige der Themenbereiche bisher nur bedingt mit den politischen Schwerpunktsetzungen übereinstimmten. Besonders deutlich wird dies in den Themenfeldern Klima, Digitalisierung, Ernährungssicherheit und Sozialer Sicherung & Armut. In diesen Themenfeldern arbeiten nur jeweils weniger als ein Zehntel der kinder- und jugendrechtlich relevanten Vorhaben aus den Portfoliolisten der GIZ und KfW, was im Kontrast zum in der Trend- und Bedarfsanalyse identifizierten hohen Bedarf in diesen Themenbereichen steht. Hier besteht folglich ein hohes Potenzial, dringende Bedarfe stärker zu adressieren. Dafür wäre, basierend auf den Ergebnissen der Verständnisanalyse, eine explizite Verankerung von Kinder- und Jugendrechten auf strategischer Ebene sowie eine Priorisierung von Themenfeldern für deren Umsetzung, eine wichtige Voraussetzung. Abbildung 4 gibt einen Überblick über den Vergleich der Trend- und Bedarfsthemen mit den Schwerpunkten des aktuellen Portfolios. Der Grad der Farbgebung spiegelt dabei wider, wie viele der kinder- und jugendrechtsrelevanten Vorhaben aktuell in diesem Themenbereich liegen. Rund ein Gesundheit, SRGR & Mental Health Bildung Gut ein Drittel der Zehntel der Vorhaben arbeiten Vorhaben im Bildungssektor, Digitalisierung",mistral:7b,"['Asia', 'Africa']","[1.5, 2.5, 4.7, 8.3, 12.1, 17.19]",['Not specified'],
syspons-review-aktionsplan-kinderrechte-abschlussbericht.pdf,"D E R D E U T S C H E N E N T W I C K L U N G S Z U S A M M E N A R B E I T 3 9 | 1 1 7 Gleichzeitig zeigt der Vergleich der Portfolioschwerpunkte mit den identifizierten Trend- und Bedarfsthemen, dass einige der Themenbereiche bisher nur bedingt mit den politischen Schwerpunktsetzungen übereinstimmten. Besonders deutlich wird dies in den Themenfeldern Klima, Digitalisierung, Ernährungssicherheit und Sozialer Sicherung & Armut. In diesen Themenfeldern arbeiten nur jeweils weniger als ein Zehntel der kinder- und jugendrechtlich relevanten Vorhaben aus den Portfoliolisten der GIZ und KfW, was im Kontrast zum in der Trend- und Bedarfsanalyse identifizierten hohen Bedarf in diesen Themenbereichen steht. Hier besteht folglich ein hohes Potenzial, dringende Bedarfe stärker zu adressieren. Dafür wäre, basierend auf den Ergebnissen der Verständnisanalyse, eine explizite Verankerung von Kinder- und Jugendrechten auf strategischer Ebene sowie eine Priorisierung von Themenfeldern für deren Umsetzung, eine wichtige Voraussetzung. Abbildung 4 gibt einen Überblick über den Vergleich der Trend- und Bedarfsthemen mit den Schwerpunkten des aktuellen Portfolios. Der Grad der Farbgebung spiegelt dabei wider, wie viele der kinder- und jugendrechtsrelevanten Vorhaben aktuell in diesem Themenbereich liegen. Rund ein Gesundheit, SRGR & Mental Health Bildung Gut ein Drittel der Zehntel der Vorhaben arbeiten Vorhaben im Bildungssektor, Digitalisierung",llama3.1:8b,['Europe'],[4.7],[],
bmz-datenstrategie.pdf,"von Berichten für interne und externe Zwecke. Die Berichte werden im Wesentlichen automatisiert aus den Datensystemen generiert. →Wir erarbeiten ein hausweites Konzept zur verantwortungsvollen Einführung und sicheren Nutzung von KI in der Verwaltung und für die Datenanalyse. Dabei berücksichtigen wir die Potenziale der Technologie und gehen sorgsam mit ihren Grenzen um. Maßnahmen, die Sicherheitsrisiken ausschließen und eine korrekte Verwendung ermöglichen, werden systematisch umgesetzt. →Wir schließen die technische Integration unserer Datensysteme für Projektdaten ab, sodass sie aus allen relevanten Haushaltstiteln in einem System verfügbar sind. →Die Datensysteme sollen möglichst entsprechend des Once-Only-Prinzips weiterentwickelt werden: Jede Information soll – wenn möglich – nur an einer Stelle eingegeben werden müssen und kann dann automatisch unter Beachtung der Datenschutzregeln von anderen Anwendungen weiter genutzt werden. Dies betrifft auch die Daten, die von antragstellenden Organisationen gemäß Onlinezugangsgesetz beim BMZ eingereicht werden. →Wir entwickeln, testen und prüfen KI-Anwendun gen mit Blick auf moderne Formen der Anwendung, Effizienzgewinne sowie regulatorische und technische Machbarkeit vor der Einführung. →KI-Kompetenz: Wir schulen Mitarbeitende des",llama3.2:3b,[],[4.6],[],
bmz-datenstrategie.pdf,"von Berichten für interne und externe Zwecke. Die Berichte werden im Wesentlichen automatisiert aus den Datensystemen generiert. →Wir erarbeiten ein hausweites Konzept zur verantwortungsvollen Einführung und sicheren Nutzung von KI in der Verwaltung und für die Datenanalyse. Dabei berücksichtigen wir die Potenziale der Technologie und gehen sorgsam mit ihren Grenzen um. Maßnahmen, die Sicherheitsrisiken ausschließen und eine korrekte Verwendung ermöglichen, werden systematisch umgesetzt. →Wir schließen die technische Integration unserer Datensysteme für Projektdaten ab, sodass sie aus allen relevanten Haushaltstiteln in einem System verfügbar sind. →Die Datensysteme sollen möglichst entsprechend des Once-Only-Prinzips weiterentwickelt werden: Jede Information soll – wenn möglich – nur an einer Stelle eingegeben werden müssen und kann dann automatisch unter Beachtung der Datenschutzregeln von anderen Anwendungen weiter genutzt werden. Dies betrifft auch die Daten, die von antragstellenden Organisationen gemäß Onlinezugangsgesetz beim BMZ eingereicht werden. →Wir entwickeln, testen und prüfen KI-Anwendun gen mit Blick auf moderne Formen der Anwendung, Effizienzgewinne sowie regulatorische und technische Machbarkeit vor der Einführung. →KI-Kompetenz: Wir schulen Mitarbeitende des",olfh/teuken-7b-instruct-commercial-v0.4:7b,['Europe'],"[8.5, 12.4, 7.1]",[],
bmz-datenstrategie.pdf,"von Berichten für interne und externe Zwecke. Die Berichte werden im Wesentlichen automatisiert aus den Datensystemen generiert. →Wir erarbeiten ein hausweites Konzept zur verantwortungsvollen Einführung und sicheren Nutzung von KI in der Verwaltung und für die Datenanalyse. Dabei berücksichtigen wir die Potenziale der Technologie und gehen sorgsam mit ihren Grenzen um. Maßnahmen, die Sicherheitsrisiken ausschließen und eine korrekte Verwendung ermöglichen, werden systematisch umgesetzt. →Wir schließen die technische Integration unserer Datensysteme für Projektdaten ab, sodass sie aus allen relevanten Haushaltstiteln in einem System verfügbar sind. →Die Datensysteme sollen möglichst entsprechend des Once-Only-Prinzips weiterentwickelt werden: Jede Information soll – wenn möglich – nur an einer Stelle eingegeben werden müssen und kann dann automatisch unter Beachtung der Datenschutzregeln von anderen Anwendungen weiter genutzt werden. Dies betrifft auch die Daten, die von antragstellenden Organisationen gemäß Onlinezugangsgesetz beim BMZ eingereicht werden. →Wir entwickeln, testen und prüfen KI-Anwendun gen mit Blick auf moderne Formen der Anwendung, Effizienzgewinne sowie regulatorische und technische Machbarkeit vor der Einführung. →KI-Kompetenz: Wir schulen Mitarbeitende des",qwen2.5:7b,[],[17.8],[],
bmz-datenstrategie.pdf,"von Berichten für interne und externe Zwecke. Die Berichte werden im Wesentlichen automatisiert aus den Datensystemen generiert. →Wir erarbeiten ein hausweites Konzept zur verantwortungsvollen Einführung und sicheren Nutzung von KI in der Verwaltung und für die Datenanalyse. Dabei berücksichtigen wir die Potenziale der Technologie und gehen sorgsam mit ihren Grenzen um. Maßnahmen, die Sicherheitsrisiken ausschließen und eine korrekte Verwendung ermöglichen, werden systematisch umgesetzt. →Wir schließen die technische Integration unserer Datensysteme für Projektdaten ab, sodass sie aus allen relevanten Haushaltstiteln in einem System verfügbar sind. →Die Datensysteme sollen möglichst entsprechend des Once-Only-Prinzips weiterentwickelt werden: Jede Information soll – wenn möglich – nur an einer Stelle eingegeben werden müssen und kann dann automatisch unter Beachtung der Datenschutzregeln von anderen Anwendungen weiter genutzt werden. Dies betrifft auch die Daten, die von antragstellenden Organisationen gemäß Onlinezugangsgesetz beim BMZ eingereicht werden. →Wir entwickeln, testen und prüfen KI-Anwendun gen mit Blick auf moderne Formen der Anwendung, Effizienzgewinne sowie regulatorische und technische Machbarkeit vor der Einführung. →KI-Kompetenz: Wir schulen Mitarbeitende des",mistral:7b,[],[10.2],[],
bmz-datenstrategie.pdf,"von Berichten für interne und externe Zwecke. Die Berichte werden im Wesentlichen automatisiert aus den Datensystemen generiert. →Wir erarbeiten ein hausweites Konzept zur verantwortungsvollen Einführung und sicheren Nutzung von KI in der Verwaltung und für die Datenanalyse. Dabei berücksichtigen wir die Potenziale der Technologie und gehen sorgsam mit ihren Grenzen um. Maßnahmen, die Sicherheitsrisiken ausschließen und eine korrekte Verwendung ermöglichen, werden systematisch umgesetzt. →Wir schließen die technische Integration unserer Datensysteme für Projektdaten ab, sodass sie aus allen relevanten Haushaltstiteln in einem System verfügbar sind. →Die Datensysteme sollen möglichst entsprechend des Once-Only-Prinzips weiterentwickelt werden: Jede Information soll – wenn möglich – nur an einer Stelle eingegeben werden müssen und kann dann automatisch unter Beachtung der Datenschutzregeln von anderen Anwendungen weiter genutzt werden. Dies betrifft auch die Daten, die von antragstellenden Organisationen gemäß Onlinezugangsgesetz beim BMZ eingereicht werden. →Wir entwickeln, testen und prüfen KI-Anwendun gen mit Blick auf moderne Formen der Anwendung, Effizienzgewinne sowie regulatorische und technische Machbarkeit vor der Einführung. →KI-Kompetenz: Wir schulen Mitarbeitende des",llama3.1:8b,['Europe'],[10],['Germany'],
bmz-kernthemenstrategie-leben-ohne-hunger.pdf,"Ein grundlegendes Prinzip ist dabei Diversifizierung, um Räume und ihre wirtschaftli 22 BMZ-KERNTHEMENSTRATEGIE – LEBEN OHNE HUNGER und marginalisierte Bevölkerungsgruppen, z. B. indigene Völker, pastoralistische Gemeinschaften und Jugend), die Auseinandersetzung mit sozialen Normen, die Lösung und Vorbeugung von Konflikten um Land sowie die Förderung von Transparenz und den Kampf gegen Korruption. Die Freiwilligen Leitlinien zur verantwortungsvollen Verwaltung von Boden- und Landnutzungsrechten, Fischgründen und Wäldern der Vereinten Nationen (VGGT) sind dabei handlungsleitend für BMZ-Vorhaben im Bereich Landpolitik. Ein besonderes Feld der Landrechtssicherung betrifft die Vergabe langfristiger Pacht- oder Kaufverträge an internationale und nationale Investoren, eine in vielen Partnerländern verbreitete Praxis, um privatwirtschaftliche Investitionen in Land zu fördern und die landwirtschaftliche Produktivität zu steigern. Diese Investitionen werden oft mit Landgrabbing in Verbindung gebracht. Vor diesem Hintergrund setzt sich die Bundesregierung für die Einhaltung der Prinzipien für verantwortliche Investitionen in die Landwirtschaft und Nahrungsmittelsysteme der Vereinten Nationen (RAI) ein, die neben den VGGT weitere Voraussetzungen für gute Investitionen nennen und Maßnahmen fordern. chen und gesellschaftlichen Potenziale gut zu nutzen, neue Einkommens- und Finanzquellen zu erschließen, Risiken auszugleichen und Schocks abzufedern.",llama3.2:3b,"['Africa', 'Asia']","[3, 5]",['Germany'],
bmz-kernthemenstrategie-leben-ohne-hunger.pdf,"Ein grundlegendes Prinzip ist dabei Diversifizierung, um Räume und ihre wirtschaftli 22 BMZ-KERNTHEMENSTRATEGIE – LEBEN OHNE HUNGER und marginalisierte Bevölkerungsgruppen, z. B. indigene Völker, pastoralistische Gemeinschaften und Jugend), die Auseinandersetzung mit sozialen Normen, die Lösung und Vorbeugung von Konflikten um Land sowie die Förderung von Transparenz und den Kampf gegen Korruption. Die Freiwilligen Leitlinien zur verantwortungsvollen Verwaltung von Boden- und Landnutzungsrechten, Fischgründen und Wäldern der Vereinten Nationen (VGGT) sind dabei handlungsleitend für BMZ-Vorhaben im Bereich Landpolitik. Ein besonderes Feld der Landrechtssicherung betrifft die Vergabe langfristiger Pacht- oder Kaufverträge an internationale und nationale Investoren, eine in vielen Partnerländern verbreitete Praxis, um privatwirtschaftliche Investitionen in Land zu fördern und die landwirtschaftliche Produktivität zu steigern. Diese Investitionen werden oft mit Landgrabbing in Verbindung gebracht. Vor diesem Hintergrund setzt sich die Bundesregierung für die Einhaltung der Prinzipien für verantwortliche Investitionen in die Landwirtschaft und Nahrungsmittelsysteme der Vereinten Nationen (RAI) ein, die neben den VGGT weitere Voraussetzungen für gute Investitionen nennen und Maßnahmen fordern. chen und gesellschaftlichen Potenziale gut zu nutzen, neue Einkommens- und Finanzquellen zu erschließen, Risiken auszugleichen und Schocks abzufedern.",olfh/teuken-7b-instruct-commercial-v0.4:7b,[],"[1.4, 5.5]",['Germany'],
bmz-kernthemenstrategie-leben-ohne-hunger.pdf,"Ein grundlegendes Prinzip ist dabei Diversifizierung, um Räume und ihre wirtschaftli 22 BMZ-KERNTHEMENSTRATEGIE – LEBEN OHNE HUNGER und marginalisierte Bevölkerungsgruppen, z. B. indigene Völker, pastoralistische Gemeinschaften und Jugend), die Auseinandersetzung mit sozialen Normen, die Lösung und Vorbeugung von Konflikten um Land sowie die Förderung von Transparenz und den Kampf gegen Korruption. Die Freiwilligen Leitlinien zur verantwortungsvollen Verwaltung von Boden- und Landnutzungsrechten, Fischgründen und Wäldern der Vereinten Nationen (VGGT) sind dabei handlungsleitend für BMZ-Vorhaben im Bereich Landpolitik. Ein besonderes Feld der Landrechtssicherung betrifft die Vergabe langfristiger Pacht- oder Kaufverträge an internationale und nationale Investoren, eine in vielen Partnerländern verbreitete Praxis, um privatwirtschaftliche Investitionen in Land zu fördern und die landwirtschaftliche Produktivität zu steigern. Diese Investitionen werden oft mit Landgrabbing in Verbindung gebracht. Vor diesem Hintergrund setzt sich die Bundesregierung für die Einhaltung der Prinzipien für verantwortliche Investitionen in die Landwirtschaft und Nahrungsmittelsysteme der Vereinten Nationen (RAI) ein, die neben den VGGT weitere Voraussetzungen für gute Investitionen nennen und Maßnahmen fordern. chen und gesellschaftlichen Potenziale gut zu nutzen, neue Einkommens- und Finanzquellen zu erschließen, Risiken auszugleichen und Schocks abzufedern.",qwen2.5:7b,"['Africa', 'Asia']","[6.2, 10.3, 15.9]",[],
bmz-kernthemenstrategie-leben-ohne-hunger.pdf,"Ein grundlegendes Prinzip ist dabei Diversifizierung, um Räume und ihre wirtschaftli 22 BMZ-KERNTHEMENSTRATEGIE – LEBEN OHNE HUNGER und marginalisierte Bevölkerungsgruppen, z. B. indigene Völker, pastoralistische Gemeinschaften und Jugend), die Auseinandersetzung mit sozialen Normen, die Lösung und Vorbeugung von Konflikten um Land sowie die Förderung von Transparenz und den Kampf gegen Korruption. Die Freiwilligen Leitlinien zur verantwortungsvollen Verwaltung von Boden- und Landnutzungsrechten, Fischgründen und Wäldern der Vereinten Nationen (VGGT) sind dabei handlungsleitend für BMZ-Vorhaben im Bereich Landpolitik. Ein besonderes Feld der Landrechtssicherung betrifft die Vergabe langfristiger Pacht- oder Kaufverträge an internationale und nationale Investoren, eine in vielen Partnerländern verbreitete Praxis, um privatwirtschaftliche Investitionen in Land zu fördern und die landwirtschaftliche Produktivität zu steigern. Diese Investitionen werden oft mit Landgrabbing in Verbindung gebracht. Vor diesem Hintergrund setzt sich die Bundesregierung für die Einhaltung der Prinzipien für verantwortliche Investitionen in die Landwirtschaft und Nahrungsmittelsysteme der Vereinten Nationen (RAI) ein, die neben den VGGT weitere Voraussetzungen für gute Investitionen nennen und Maßnahmen fordern. chen und gesellschaftlichen Potenziale gut zu nutzen, neue Einkommens- und Finanzquellen zu erschließen, Risiken auszugleichen und Schocks abzufedern.",mistral:7b,"['Africa', 'Asia']","[1.4, 15.3, 5.3, 12.6]",['Not specified'],
bmz-kernthemenstrategie-leben-ohne-hunger.pdf,"Ein grundlegendes Prinzip ist dabei Diversifizierung, um Räume und ihre wirtschaftli 22 BMZ-KERNTHEMENSTRATEGIE – LEBEN OHNE HUNGER und marginalisierte Bevölkerungsgruppen, z. B. indigene Völker, pastoralistische Gemeinschaften und Jugend), die Auseinandersetzung mit sozialen Normen, die Lösung und Vorbeugung von Konflikten um Land sowie die Förderung von Transparenz und den Kampf gegen Korruption. Die Freiwilligen Leitlinien zur verantwortungsvollen Verwaltung von Boden- und Landnutzungsrechten, Fischgründen und Wäldern der Vereinten Nationen (VGGT) sind dabei handlungsleitend für BMZ-Vorhaben im Bereich Landpolitik. Ein besonderes Feld der Landrechtssicherung betrifft die Vergabe langfristiger Pacht- oder Kaufverträge an internationale und nationale Investoren, eine in vielen Partnerländern verbreitete Praxis, um privatwirtschaftliche Investitionen in Land zu fördern und die landwirtschaftliche Produktivität zu steigern. Diese Investitionen werden oft mit Landgrabbing in Verbindung gebracht. Vor diesem Hintergrund setzt sich die Bundesregierung für die Einhaltung der Prinzipien für verantwortliche Investitionen in die Landwirtschaft und Nahrungsmittelsysteme der Vereinten Nationen (RAI) ein, die neben den VGGT weitere Voraussetzungen für gute Investitionen nennen und Maßnahmen fordern. chen und gesellschaftlichen Potenziale gut zu nutzen, neue Einkommens- und Finanzquellen zu erschließen, Risiken auszugleichen und Schocks abzufedern.",llama3.1:8b,"['Africa', 'Asia']","[11.3, 2.5]","['Kenya', 'India']",
bmz-kernthemenstrategie-klima-energie.pdf,"Im zweiten Aktionsfeld „Erneuerbare Energien und Energieeffizienz“ zielt das BMZ auf eine klimaneutrale Deckung des stark steigenden Energiebedarfs bei einer vollständigen Dekarbonisierung des Energiesektors. Mit dem Aktionsfeld trägt das BMZ im Rahmen der Agenda 2030 insbesondere zum Ausbau von erneuerbaren Energien (SDG 7.2) und zur Verbesserung der Energieeffizienz (SDG 7.3) sowie zum Zugang zu Energiedienstleistungen (SDG  7.1) bei. Dies beinhaltet das Ziel, gemeinsam mit Partnerländern, der Gebergemeinschaft und anderen relevanten Stakeholdern bis 2050 den Energiesektor vollständig zu dekarbonisieren und die Bevölkerung der Partnerländer bis 2030 bedarfsgerecht mit Energie zu versorgen, die zu 100 Prozent aus erneuerbaren Energiequellen stammt, nachhaltig produziert und verwendet wird (Leitbild der „Vision 100“). Die positiven Wirkungen einer bedarfsgerechten Energieversorgung sind Im Dialog und mit konkreter Unterstützung sollen Partner und Institutionen in die Lage versetzt werden, ihren Klimaschutzverpflichtungen unter dem Pariser Klimaabkommen nachzukommen sowie Anpassungs- und Resilienzmaßnahmen umzusetzen. In der Regel werden die Vorhaben im Kernthema durch ihre Haupt- und Nebenziele vollständig auf",llama3.2:3b,['Europe'],"[7.2, 7.3]",['Germany'],
bmz-kernthemenstrategie-klima-energie.pdf,"Im zweiten Aktionsfeld „Erneuerbare Energien und Energieeffizienz“ zielt das BMZ auf eine klimaneutrale Deckung des stark steigenden Energiebedarfs bei einer vollständigen Dekarbonisierung des Energiesektors. Mit dem Aktionsfeld trägt das BMZ im Rahmen der Agenda 2030 insbesondere zum Ausbau von erneuerbaren Energien (SDG 7.2) und zur Verbesserung der Energieeffizienz (SDG 7.3) sowie zum Zugang zu Energiedienstleistungen (SDG  7.1) bei. Dies beinhaltet das Ziel, gemeinsam mit Partnerländern, der Gebergemeinschaft und anderen relevanten Stakeholdern bis 2050 den Energiesektor vollständig zu dekarbonisieren und die Bevölkerung der Partnerländer bis 2030 bedarfsgerecht mit Energie zu versorgen, die zu 100 Prozent aus erneuerbaren Energiequellen stammt, nachhaltig produziert und verwendet wird (Leitbild der „Vision 100“). Die positiven Wirkungen einer bedarfsgerechten Energieversorgung sind Im Dialog und mit konkreter Unterstützung sollen Partner und Institutionen in die Lage versetzt werden, ihren Klimaschutzverpflichtungen unter dem Pariser Klimaabkommen nachzukommen sowie Anpassungs- und Resilienzmaßnahmen umzusetzen. In der Regel werden die Vorhaben im Kernthema durch ihre Haupt- und Nebenziele vollständig auf",olfh/teuken-7b-instruct-commercial-v0.4:7b,"['Africa', 'Asia', 'Latin America']","[10.2, 10.3, 7.2, 7.3]",[],
bmz-kernthemenstrategie-klima-energie.pdf,"Im zweiten Aktionsfeld „Erneuerbare Energien und Energieeffizienz“ zielt das BMZ auf eine klimaneutrale Deckung des stark steigenden Energiebedarfs bei einer vollständigen Dekarbonisierung des Energiesektors. Mit dem Aktionsfeld trägt das BMZ im Rahmen der Agenda 2030 insbesondere zum Ausbau von erneuerbaren Energien (SDG 7.2) und zur Verbesserung der Energieeffizienz (SDG 7.3) sowie zum Zugang zu Energiedienstleistungen (SDG  7.1) bei. Dies beinhaltet das Ziel, gemeinsam mit Partnerländern, der Gebergemeinschaft und anderen relevanten Stakeholdern bis 2050 den Energiesektor vollständig zu dekarbonisieren und die Bevölkerung der Partnerländer bis 2030 bedarfsgerecht mit Energie zu versorgen, die zu 100 Prozent aus erneuerbaren Energiequellen stammt, nachhaltig produziert und verwendet wird (Leitbild der „Vision 100“). Die positiven Wirkungen einer bedarfsgerechten Energieversorgung sind Im Dialog und mit konkreter Unterstützung sollen Partner und Institutionen in die Lage versetzt werden, ihren Klimaschutzverpflichtungen unter dem Pariser Klimaabkommen nachzukommen sowie Anpassungs- und Resilienzmaßnahmen umzusetzen. In der Regel werden die Vorhaben im Kernthema durch ihre Haupt- und Nebenziele vollständig auf",qwen2.5:7b,[],"[7.2, 7.3, 7.1]",[],
bmz-kernthemenstrategie-klima-energie.pdf,"Im zweiten Aktionsfeld „Erneuerbare Energien und Energieeffizienz“ zielt das BMZ auf eine klimaneutrale Deckung des stark steigenden Energiebedarfs bei einer vollständigen Dekarbonisierung des Energiesektors. Mit dem Aktionsfeld trägt das BMZ im Rahmen der Agenda 2030 insbesondere zum Ausbau von erneuerbaren Energien (SDG 7.2) und zur Verbesserung der Energieeffizienz (SDG 7.3) sowie zum Zugang zu Energiedienstleistungen (SDG  7.1) bei. Dies beinhaltet das Ziel, gemeinsam mit Partnerländern, der Gebergemeinschaft und anderen relevanten Stakeholdern bis 2050 den Energiesektor vollständig zu dekarbonisieren und die Bevölkerung der Partnerländer bis 2030 bedarfsgerecht mit Energie zu versorgen, die zu 100 Prozent aus erneuerbaren Energiequellen stammt, nachhaltig produziert und verwendet wird (Leitbild der „Vision 100“). Die positiven Wirkungen einer bedarfsgerechten Energieversorgung sind Im Dialog und mit konkreter Unterstützung sollen Partner und Institutionen in die Lage versetzt werden, ihren Klimaschutzverpflichtungen unter dem Pariser Klimaabkommen nachzukommen sowie Anpassungs- und Resilienzmaßnahmen umzusetzen. In der Regel werden die Vorhaben im Kernthema durch ihre Haupt- und Nebenziele vollständig auf",mistral:7b,"['Africa', 'Asia']","[4, 7.1, 7.2, 7.3, 13.3]",[],
bmz-kernthemenstrategie-klima-energie.pdf,"Im zweiten Aktionsfeld „Erneuerbare Energien und Energieeffizienz“ zielt das BMZ auf eine klimaneutrale Deckung des stark steigenden Energiebedarfs bei einer vollständigen Dekarbonisierung des Energiesektors. Mit dem Aktionsfeld trägt das BMZ im Rahmen der Agenda 2030 insbesondere zum Ausbau von erneuerbaren Energien (SDG 7.2) und zur Verbesserung der Energieeffizienz (SDG 7.3) sowie zum Zugang zu Energiedienstleistungen (SDG  7.1) bei. Dies beinhaltet das Ziel, gemeinsam mit Partnerländern, der Gebergemeinschaft und anderen relevanten Stakeholdern bis 2050 den Energiesektor vollständig zu dekarbonisieren und die Bevölkerung der Partnerländer bis 2030 bedarfsgerecht mit Energie zu versorgen, die zu 100 Prozent aus erneuerbaren Energiequellen stammt, nachhaltig produziert und verwendet wird (Leitbild der „Vision 100“). Die positiven Wirkungen einer bedarfsgerechten Energieversorgung sind Im Dialog und mit konkreter Unterstützung sollen Partner und Institutionen in die Lage versetzt werden, ihren Klimaschutzverpflichtungen unter dem Pariser Klimaabkommen nachzukommen sowie Anpassungs- und Resilienzmaßnahmen umzusetzen. In der Regel werden die Vorhaben im Kernthema durch ihre Haupt- und Nebenziele vollständig auf",llama3.1:8b,"['Africa', 'Asia']","[7.1, 7.2, 7.3]",[],
biologische-vielfalt-unsere-gemeinsame-verantwortung.pdf,"Ein Schwerpunkt der deutschen Zusammenarbeit mit der SADC ist daher das verbesserte Ressourcenmanagement in grenzübergreifenden B C Mauretanien: Integriertes Meeres- und Küstenmanagement Um die Einhaltung von Schonzeiten und Fangquoten zu gewährleisten, wurde die Meeresüberwachung durch Satelliten, Patrouillenschiffe und Radarstationen verstärkt. Der Treuhandfonds BACoMaB finanziert die Verwaltung von KüstenNationalparks. Ein Kompetenzzentrum überwacht die Qualität der Meeres- und Küstenumwelt und exportiert sein Know-how in die Subregion. Eine Plattform ermöglicht einen Dialog zwischen Interessenvertretern des Meeres, und Online-Datenbanken sind im Aufbau, um die Öffentlichkeit mit aktuellen Informationen über Ökosysteme zu versorgen. Dank dieser Maßnahmen positioniert sich Mauretanien als Vorreiter bei der Einführung einer Politik für die nachhaltige Bewirtschaftung der Meeres- und Küstenressourcen. Die Küste Mauretaniens ist eine der produktivsten Regionen der Welt und reich an Biodiversität. Ein Drittel der Küstengewässer stehen unter Naturschutz. Gleichzeitig stellen zunehmende Überfischung, Verstädterung, Entwicklung industrieller Aktivitäten, unzureichendes Ressourcenmanagement und der Klimawandel eine Bedrohung für die Küstenökosysteme und damit für die Lebens- und Ernährungsgrundlage vieler Menschen dar.",llama3.2:3b,['Africa'],[6.1],['Mauritania'],
biologische-vielfalt-unsere-gemeinsame-verantwortung.pdf,"Ein Schwerpunkt der deutschen Zusammenarbeit mit der SADC ist daher das verbesserte Ressourcenmanagement in grenzübergreifenden B C Mauretanien: Integriertes Meeres- und Küstenmanagement Um die Einhaltung von Schonzeiten und Fangquoten zu gewährleisten, wurde die Meeresüberwachung durch Satelliten, Patrouillenschiffe und Radarstationen verstärkt. Der Treuhandfonds BACoMaB finanziert die Verwaltung von KüstenNationalparks. Ein Kompetenzzentrum überwacht die Qualität der Meeres- und Küstenumwelt und exportiert sein Know-how in die Subregion. Eine Plattform ermöglicht einen Dialog zwischen Interessenvertretern des Meeres, und Online-Datenbanken sind im Aufbau, um die Öffentlichkeit mit aktuellen Informationen über Ökosysteme zu versorgen. Dank dieser Maßnahmen positioniert sich Mauretanien als Vorreiter bei der Einführung einer Politik für die nachhaltige Bewirtschaftung der Meeres- und Küstenressourcen. Die Küste Mauretaniens ist eine der produktivsten Regionen der Welt und reich an Biodiversität. Ein Drittel der Küstengewässer stehen unter Naturschutz. Gleichzeitig stellen zunehmende Überfischung, Verstädterung, Entwicklung industrieller Aktivitäten, unzureichendes Ressourcenmanagement und der Klimawandel eine Bedrohung für die Küstenökosysteme und damit für die Lebens- und Ernährungsgrundlage vieler Menschen dar.",olfh/teuken-7b-instruct-commercial-v0.4:7b,"['Africa', 'Latin America']","[6.1, 6.3, 7.2, 7.3, 8.5]",['Mauritania'],
biologische-vielfalt-unsere-gemeinsame-verantwortung.pdf,"Ein Schwerpunkt der deutschen Zusammenarbeit mit der SADC ist daher das verbesserte Ressourcenmanagement in grenzübergreifenden B C Mauretanien: Integriertes Meeres- und Küstenmanagement Um die Einhaltung von Schonzeiten und Fangquoten zu gewährleisten, wurde die Meeresüberwachung durch Satelliten, Patrouillenschiffe und Radarstationen verstärkt. Der Treuhandfonds BACoMaB finanziert die Verwaltung von KüstenNationalparks. Ein Kompetenzzentrum überwacht die Qualität der Meeres- und Küstenumwelt und exportiert sein Know-how in die Subregion. Eine Plattform ermöglicht einen Dialog zwischen Interessenvertretern des Meeres, und Online-Datenbanken sind im Aufbau, um die Öffentlichkeit mit aktuellen Informationen über Ökosysteme zu versorgen. Dank dieser Maßnahmen positioniert sich Mauretanien als Vorreiter bei der Einführung einer Politik für die nachhaltige Bewirtschaftung der Meeres- und Küstenressourcen. Die Küste Mauretaniens ist eine der produktivsten Regionen der Welt und reich an Biodiversität. Ein Drittel der Küstengewässer stehen unter Naturschutz. Gleichzeitig stellen zunehmende Überfischung, Verstädterung, Entwicklung industrieller Aktivitäten, unzureichendes Ressourcenmanagement und der Klimawandel eine Bedrohung für die Küstenökosysteme und damit für die Lebens- und Ernährungsgrundlage vieler Menschen dar.",qwen2.5:7b,['Africa'],[14.2],['Mauretania'],
biologische-vielfalt-unsere-gemeinsame-verantwortung.pdf,"Ein Schwerpunkt der deutschen Zusammenarbeit mit der SADC ist daher das verbesserte Ressourcenmanagement in grenzübergreifenden B C Mauretanien: Integriertes Meeres- und Küstenmanagement Um die Einhaltung von Schonzeiten und Fangquoten zu gewährleisten, wurde die Meeresüberwachung durch Satelliten, Patrouillenschiffe und Radarstationen verstärkt. Der Treuhandfonds BACoMaB finanziert die Verwaltung von KüstenNationalparks. Ein Kompetenzzentrum überwacht die Qualität der Meeres- und Küstenumwelt und exportiert sein Know-how in die Subregion. Eine Plattform ermöglicht einen Dialog zwischen Interessenvertretern des Meeres, und Online-Datenbanken sind im Aufbau, um die Öffentlichkeit mit aktuellen Informationen über Ökosysteme zu versorgen. Dank dieser Maßnahmen positioniert sich Mauretanien als Vorreiter bei der Einführung einer Politik für die nachhaltige Bewirtschaftung der Meeres- und Küstenressourcen. Die Küste Mauretaniens ist eine der produktivsten Regionen der Welt und reich an Biodiversität. Ein Drittel der Küstengewässer stehen unter Naturschutz. Gleichzeitig stellen zunehmende Überfischung, Verstädterung, Entwicklung industrieller Aktivitäten, unzureichendes Ressourcenmanagement und der Klimawandel eine Bedrohung für die Küstenökosysteme und damit für die Lebens- und Ernährungsgrundlage vieler Menschen dar.",mistral:7b,['Africa'],"[6.4, 14.5, 14.7]",['Mauritania'],
biologische-vielfalt-unsere-gemeinsame-verantwortung.pdf,"Ein Schwerpunkt der deutschen Zusammenarbeit mit der SADC ist daher das verbesserte Ressourcenmanagement in grenzübergreifenden B C Mauretanien: Integriertes Meeres- und Küstenmanagement Um die Einhaltung von Schonzeiten und Fangquoten zu gewährleisten, wurde die Meeresüberwachung durch Satelliten, Patrouillenschiffe und Radarstationen verstärkt. Der Treuhandfonds BACoMaB finanziert die Verwaltung von KüstenNationalparks. Ein Kompetenzzentrum überwacht die Qualität der Meeres- und Küstenumwelt und exportiert sein Know-how in die Subregion. Eine Plattform ermöglicht einen Dialog zwischen Interessenvertretern des Meeres, und Online-Datenbanken sind im Aufbau, um die Öffentlichkeit mit aktuellen Informationen über Ökosysteme zu versorgen. Dank dieser Maßnahmen positioniert sich Mauretanien als Vorreiter bei der Einführung einer Politik für die nachhaltige Bewirtschaftung der Meeres- und Küstenressourcen. Die Küste Mauretaniens ist eine der produktivsten Regionen der Welt und reich an Biodiversität. Ein Drittel der Küstengewässer stehen unter Naturschutz. Gleichzeitig stellen zunehmende Überfischung, Verstädterung, Entwicklung industrieller Aktivitäten, unzureichendes Ressourcenmanagement und der Klimawandel eine Bedrohung für die Küstenökosysteme und damit für die Lebens- und Ernährungsgrundlage vieler Menschen dar.",llama3.1:8b,['Africa'],[6.2],['Mauritania'],
kernthemenstrategie-frieden-und-gesellschaftlicher-zusammenhalt.pdf,"In allen Aktionsfeldern arbeiten wir eng mit staatlichen und zivilgesellschaftlichen Partnern in Deutschland und in unseren Partnerländern zusammen, aber auch mit anderen bilateralen und multilateralen Geber*innen. Uns leitet das Primat der nachhaltigen Entwicklung und der Krisenprävention. Wir sind der festen Überzeugung: Prävention rettet Menschenleben, ist wirksam und kosteneffizienter als jede Krisenreaktion.6 Frieden und gesellschaftlicher Zusammenhalt erfordern einen ganzheitlichen, multisektoralen und integrierten Ansatz. Diese Kernthemenstrategie steht in engem Zusammenhang mit den anderen fünf Kernthemen7 und den Qualitätsmerkmalen des BMZ. Zusammen tragen sie zu den Schwerpunkten der deutschen Entwicklungspolitik dieser Legislaturperiode bei: globale Gesundheit und körperliche Selbstbestimmung ermöglichen, Armut, Hunger und Ungleichheit wirksam zurückdrängen, Just  Transition entschieden vorantreiben, um den Klimawandel und seine Folgen zu bewältigen, sowie unsere feministische Entwicklungspolitik verwirklichen.",llama3.2:3b,['Latin America'],"[10.2, 16.1, 16.1]",['Brazil'],
kernthemenstrategie-frieden-und-gesellschaftlicher-zusammenhalt.pdf,"In allen Aktionsfeldern arbeiten wir eng mit staatlichen und zivilgesellschaftlichen Partnern in Deutschland und in unseren Partnerländern zusammen, aber auch mit anderen bilateralen und multilateralen Geber*innen. Uns leitet das Primat der nachhaltigen Entwicklung und der Krisenprävention. Wir sind der festen Überzeugung: Prävention rettet Menschenleben, ist wirksam und kosteneffizienter als jede Krisenreaktion.6 Frieden und gesellschaftlicher Zusammenhalt erfordern einen ganzheitlichen, multisektoralen und integrierten Ansatz. Diese Kernthemenstrategie steht in engem Zusammenhang mit den anderen fünf Kernthemen7 und den Qualitätsmerkmalen des BMZ. Zusammen tragen sie zu den Schwerpunkten der deutschen Entwicklungspolitik dieser Legislaturperiode bei: globale Gesundheit und körperliche Selbstbestimmung ermöglichen, Armut, Hunger und Ungleichheit wirksam zurückdrängen, Just  Transition entschieden vorantreiben, um den Klimawandel und seine Folgen zu bewältigen, sowie unsere feministische Entwicklungspolitik verwirklichen.",olfh/teuken-7b-instruct-commercial-v0.4:7b,[],"[1.4, 8.5]",[],
kernthemenstrategie-frieden-und-gesellschaftlicher-zusammenhalt.pdf,"In allen Aktionsfeldern arbeiten wir eng mit staatlichen und zivilgesellschaftlichen Partnern in Deutschland und in unseren Partnerländern zusammen, aber auch mit anderen bilateralen und multilateralen Geber*innen. Uns leitet das Primat der nachhaltigen Entwicklung und der Krisenprävention. Wir sind der festen Überzeugung: Prävention rettet Menschenleben, ist wirksam und kosteneffizienter als jede Krisenreaktion.6 Frieden und gesellschaftlicher Zusammenhalt erfordern einen ganzheitlichen, multisektoralen und integrierten Ansatz. Diese Kernthemenstrategie steht in engem Zusammenhang mit den anderen fünf Kernthemen7 und den Qualitätsmerkmalen des BMZ. Zusammen tragen sie zu den Schwerpunkten der deutschen Entwicklungspolitik dieser Legislaturperiode bei: globale Gesundheit und körperliche Selbstbestimmung ermöglichen, Armut, Hunger und Ungleichheit wirksam zurückdrängen, Just  Transition entschieden vorantreiben, um den Klimawandel und seine Folgen zu bewältigen, sowie unsere feministische Entwicklungspolitik verwirklichen.",qwen2.5:7b,['Europe'],[17.6],['Germany'],
kernthemenstrategie-frieden-und-gesellschaftlicher-zusammenhalt.pdf,"In allen Aktionsfeldern arbeiten wir eng mit staatlichen und zivilgesellschaftlichen Partnern in Deutschland und in unseren Partnerländern zusammen, aber auch mit anderen bilateralen und multilateralen Geber*innen. Uns leitet das Primat der nachhaltigen Entwicklung und der Krisenprävention. Wir sind der festen Überzeugung: Prävention rettet Menschenleben, ist wirksam und kosteneffizienter als jede Krisenreaktion.6 Frieden und gesellschaftlicher Zusammenhalt erfordern einen ganzheitlichen, multisektoralen und integrierten Ansatz. Diese Kernthemenstrategie steht in engem Zusammenhang mit den anderen fünf Kernthemen7 und den Qualitätsmerkmalen des BMZ. Zusammen tragen sie zu den Schwerpunkten der deutschen Entwicklungspolitik dieser Legislaturperiode bei: globale Gesundheit und körperliche Selbstbestimmung ermöglichen, Armut, Hunger und Ungleichheit wirksam zurückdrängen, Just  Transition entschieden vorantreiben, um den Klimawandel und seine Folgen zu bewältigen, sowie unsere feministische Entwicklungspolitik verwirklichen.",mistral:7b,"['Africa', 'Asia', 'Latin America', 'Europe']","[1.4, 3.8, 5.5, 6.1, 8.8, 10.2, 10.9, 17.15]",[],
kernthemenstrategie-frieden-und-gesellschaftlicher-zusammenhalt.pdf,"In allen Aktionsfeldern arbeiten wir eng mit staatlichen und zivilgesellschaftlichen Partnern in Deutschland und in unseren Partnerländern zusammen, aber auch mit anderen bilateralen und multilateralen Geber*innen. Uns leitet das Primat der nachhaltigen Entwicklung und der Krisenprävention. Wir sind der festen Überzeugung: Prävention rettet Menschenleben, ist wirksam und kosteneffizienter als jede Krisenreaktion.6 Frieden und gesellschaftlicher Zusammenhalt erfordern einen ganzheitlichen, multisektoralen und integrierten Ansatz. Diese Kernthemenstrategie steht in engem Zusammenhang mit den anderen fünf Kernthemen7 und den Qualitätsmerkmalen des BMZ. Zusammen tragen sie zu den Schwerpunkten der deutschen Entwicklungspolitik dieser Legislaturperiode bei: globale Gesundheit und körperliche Selbstbestimmung ermöglichen, Armut, Hunger und Ungleichheit wirksam zurückdrängen, Just  Transition entschieden vorantreiben, um den Klimawandel und seine Folgen zu bewältigen, sowie unsere feministische Entwicklungspolitik verwirklichen.",llama3.1:8b,"['Africa', 'Asia']",[1.4],"['Kenya', 'India']",
bmz-agenda-fuer-gute-arbeit-weltweit.pdf,"→Den Aufbau von Ausbildungs- und Arbeits migrationspartnerschaften unterstützen. Im Rahmen dieser Partnerschaften wird etwa durch Vernetzung und durch die Stärkung von Berufsbildungsstrukturen in den Partnerländern die Arbeitsmigration nach Deutschland für ausgewählte Berufsgruppen erleichtert. Durch die enge Einbindung der deutschen Privatwirtschaft fördern diese Partnerschaften die faire Arbeitsmigration und -vermittlung von Auszubildenden und Fachkräften aus Partnerländern an deutsche Arbeitgeber*innen und schaffen so berufliche Perspektiven, insbesondere für junge Menschen. Das BMZ mit multilateralen Organisationen wie der Internationalen Organisation für Migration (IOM), der ILO und UN Women, die über umfassende Erfahrungen und Netzwerke in diesem Bereich verfügen, wird dabei weiter vertieft. Beispiel: Unterstützung regulärer Arbeitsmigration zwischen Nordafrika und Europa",llama3.2:3b,['Africa'],[10.3],['North Africa'],
bmz-agenda-fuer-gute-arbeit-weltweit.pdf,"→Den Aufbau von Ausbildungs- und Arbeits migrationspartnerschaften unterstützen. Im Rahmen dieser Partnerschaften wird etwa durch Vernetzung und durch die Stärkung von Berufsbildungsstrukturen in den Partnerländern die Arbeitsmigration nach Deutschland für ausgewählte Berufsgruppen erleichtert. Durch die enge Einbindung der deutschen Privatwirtschaft fördern diese Partnerschaften die faire Arbeitsmigration und -vermittlung von Auszubildenden und Fachkräften aus Partnerländern an deutsche Arbeitgeber*innen und schaffen so berufliche Perspektiven, insbesondere für junge Menschen. Das BMZ mit multilateralen Organisationen wie der Internationalen Organisation für Migration (IOM), der ILO und UN Women, die über umfassende Erfahrungen und Netzwerke in diesem Bereich verfügen, wird dabei weiter vertieft. Beispiel: Unterstützung regulärer Arbeitsmigration zwischen Nordafrika und Europa",olfh/teuken-7b-instruct-commercial-v0.4:7b,['Africa'],[3.9],"['Morocco', 'Senegal']",
bmz-agenda-fuer-gute-arbeit-weltweit.pdf,"→Den Aufbau von Ausbildungs- und Arbeits migrationspartnerschaften unterstützen. Im Rahmen dieser Partnerschaften wird etwa durch Vernetzung und durch die Stärkung von Berufsbildungsstrukturen in den Partnerländern die Arbeitsmigration nach Deutschland für ausgewählte Berufsgruppen erleichtert. Durch die enge Einbindung der deutschen Privatwirtschaft fördern diese Partnerschaften die faire Arbeitsmigration und -vermittlung von Auszubildenden und Fachkräften aus Partnerländern an deutsche Arbeitgeber*innen und schaffen so berufliche Perspektiven, insbesondere für junge Menschen. Das BMZ mit multilateralen Organisationen wie der Internationalen Organisation für Migration (IOM), der ILO und UN Women, die über umfassende Erfahrungen und Netzwerke in diesem Bereich verfügen, wird dabei weiter vertieft. Beispiel: Unterstützung regulärer Arbeitsmigration zwischen Nordafrika und Europa",qwen2.5:7b,"['Africa', 'Europe']",[10.7],[],
bmz-agenda-fuer-gute-arbeit-weltweit.pdf,"→Den Aufbau von Ausbildungs- und Arbeits migrationspartnerschaften unterstützen. Im Rahmen dieser Partnerschaften wird etwa durch Vernetzung und durch die Stärkung von Berufsbildungsstrukturen in den Partnerländern die Arbeitsmigration nach Deutschland für ausgewählte Berufsgruppen erleichtert. Durch die enge Einbindung der deutschen Privatwirtschaft fördern diese Partnerschaften die faire Arbeitsmigration und -vermittlung von Auszubildenden und Fachkräften aus Partnerländern an deutsche Arbeitgeber*innen und schaffen so berufliche Perspektiven, insbesondere für junge Menschen. Das BMZ mit multilateralen Organisationen wie der Internationalen Organisation für Migration (IOM), der ILO und UN Women, die über umfassende Erfahrungen und Netzwerke in diesem Bereich verfügen, wird dabei weiter vertieft. Beispiel: Unterstützung regulärer Arbeitsmigration zwischen Nordafrika und Europa",mistral:7b,"['Africa', 'Europe']","[10.7, 8.3, 8.5]",['North Africa'],
bmz-agenda-fuer-gute-arbeit-weltweit.pdf,"→Den Aufbau von Ausbildungs- und Arbeits migrationspartnerschaften unterstützen. Im Rahmen dieser Partnerschaften wird etwa durch Vernetzung und durch die Stärkung von Berufsbildungsstrukturen in den Partnerländern die Arbeitsmigration nach Deutschland für ausgewählte Berufsgruppen erleichtert. Durch die enge Einbindung der deutschen Privatwirtschaft fördern diese Partnerschaften die faire Arbeitsmigration und -vermittlung von Auszubildenden und Fachkräften aus Partnerländern an deutsche Arbeitgeber*innen und schaffen so berufliche Perspektiven, insbesondere für junge Menschen. Das BMZ mit multilateralen Organisationen wie der Internationalen Organisation für Migration (IOM), der ILO und UN Women, die über umfassende Erfahrungen und Netzwerke in diesem Bereich verfügen, wird dabei weiter vertieft. Beispiel: Unterstützung regulärer Arbeitsmigration zwischen Nordafrika und Europa",llama3.1:8b,"['Africa', 'Europe']","[8.3, 10.7]",['Germany'],
smaterialie580-toolkit-digitale-bildung.pdf,"UMSETZUNG Die App ist ein Selbstlern-Spiel, das eine grundlegende Karriereberatung in drei Stufen bietet: In Stufe 1 identifizieren die Jugendlichen zunächst ihre beruflichen Zukunftsvorstellungen. Stufe 2 klärt sie über dazu passende Beschäftigungsmöglichkeiten auf. Hierzu werden unter anderem Videos zu verschiedenen Jobprofilen gezeigt. In Stufe 3 üben die Berufsschülerinnen und -schüler mit Hilfe eines Puzzles die richtige Erstellung eines Bewerbungsanschreibens. Ein Bewerbungsgespräch in Form eines virtuellen Interviews simuliert schließlich eine weitere Hürde zum erfolgreichen Berufseinstieg. LÖSUNG Um die Übergangsphasen zu verkürzen und die Arbeitslosigkeit in Ägypten zu senken, wurde im Rahmen des Projekts Beschäftigungsförderung in Ägypten eine App zur Karriereberatung entwickelt. Die Candy Career App richtet sich an Schülerinnen und Schüler in der Berufsausbildung.",llama3.2:3b,['Africa'],"[4.7, 8.3]",['Egypt'],
smaterialie580-toolkit-digitale-bildung.pdf,"UMSETZUNG Die App ist ein Selbstlern-Spiel, das eine grundlegende Karriereberatung in drei Stufen bietet: In Stufe 1 identifizieren die Jugendlichen zunächst ihre beruflichen Zukunftsvorstellungen. Stufe 2 klärt sie über dazu passende Beschäftigungsmöglichkeiten auf. Hierzu werden unter anderem Videos zu verschiedenen Jobprofilen gezeigt. In Stufe 3 üben die Berufsschülerinnen und -schüler mit Hilfe eines Puzzles die richtige Erstellung eines Bewerbungsanschreibens. Ein Bewerbungsgespräch in Form eines virtuellen Interviews simuliert schließlich eine weitere Hürde zum erfolgreichen Berufseinstieg. LÖSUNG Um die Übergangsphasen zu verkürzen und die Arbeitslosigkeit in Ägypten zu senken, wurde im Rahmen des Projekts Beschäftigungsförderung in Ägypten eine App zur Karriereberatung entwickelt. Die Candy Career App richtet sich an Schülerinnen und Schüler in der Berufsausbildung.",olfh/teuken-7b-instruct-commercial-v0.4:7b,['Africa'],"[1, 2, 3]",['Egypt'],
smaterialie580-toolkit-digitale-bildung.pdf,"UMSETZUNG Die App ist ein Selbstlern-Spiel, das eine grundlegende Karriereberatung in drei Stufen bietet: In Stufe 1 identifizieren die Jugendlichen zunächst ihre beruflichen Zukunftsvorstellungen. Stufe 2 klärt sie über dazu passende Beschäftigungsmöglichkeiten auf. Hierzu werden unter anderem Videos zu verschiedenen Jobprofilen gezeigt. In Stufe 3 üben die Berufsschülerinnen und -schüler mit Hilfe eines Puzzles die richtige Erstellung eines Bewerbungsanschreibens. Ein Bewerbungsgespräch in Form eines virtuellen Interviews simuliert schließlich eine weitere Hürde zum erfolgreichen Berufseinstieg. LÖSUNG Um die Übergangsphasen zu verkürzen und die Arbeitslosigkeit in Ägypten zu senken, wurde im Rahmen des Projekts Beschäftigungsförderung in Ägypten eine App zur Karriereberatung entwickelt. Die Candy Career App richtet sich an Schülerinnen und Schüler in der Berufsausbildung.",qwen2.5:7b,['Africa'],"[8.5, 10]",['Egypt'],
smaterialie580-toolkit-digitale-bildung.pdf,"UMSETZUNG Die App ist ein Selbstlern-Spiel, das eine grundlegende Karriereberatung in drei Stufen bietet: In Stufe 1 identifizieren die Jugendlichen zunächst ihre beruflichen Zukunftsvorstellungen. Stufe 2 klärt sie über dazu passende Beschäftigungsmöglichkeiten auf. Hierzu werden unter anderem Videos zu verschiedenen Jobprofilen gezeigt. In Stufe 3 üben die Berufsschülerinnen und -schüler mit Hilfe eines Puzzles die richtige Erstellung eines Bewerbungsanschreibens. Ein Bewerbungsgespräch in Form eines virtuellen Interviews simuliert schließlich eine weitere Hürde zum erfolgreichen Berufseinstieg. LÖSUNG Um die Übergangsphasen zu verkürzen und die Arbeitslosigkeit in Ägypten zu senken, wurde im Rahmen des Projekts Beschäftigungsförderung in Ägypten eine App zur Karriereberatung entwickelt. Die Candy Career App richtet sich an Schülerinnen und Schüler in der Berufsausbildung.",mistral:7b,['Africa'],"[4.7, 8.5]",['Egypt'],
smaterialie580-toolkit-digitale-bildung.pdf,"UMSETZUNG Die App ist ein Selbstlern-Spiel, das eine grundlegende Karriereberatung in drei Stufen bietet: In Stufe 1 identifizieren die Jugendlichen zunächst ihre beruflichen Zukunftsvorstellungen. Stufe 2 klärt sie über dazu passende Beschäftigungsmöglichkeiten auf. Hierzu werden unter anderem Videos zu verschiedenen Jobprofilen gezeigt. In Stufe 3 üben die Berufsschülerinnen und -schüler mit Hilfe eines Puzzles die richtige Erstellung eines Bewerbungsanschreibens. Ein Bewerbungsgespräch in Form eines virtuellen Interviews simuliert schließlich eine weitere Hürde zum erfolgreichen Berufseinstieg. LÖSUNG Um die Übergangsphasen zu verkürzen und die Arbeitslosigkeit in Ägypten zu senken, wurde im Rahmen des Projekts Beschäftigungsförderung in Ägypten eine App zur Karriereberatung entwickelt. Die Candy Career App richtet sich an Schülerinnen und Schüler in der Berufsausbildung.",llama3.1:8b,['Africa'],[2],['Egypt'],
strategiepapier510-02-2020.pdf,"→ →Rehabilitierung oder Bau sowie Instand haltung von Basisinfrastruktur, u. a. auch im Rahmen von Cash for Work oder Food for Work Maßnahmen. → →Kapazitätsstärkung und -förderung der Ziel gruppen und Dienstleister im Bereich physischen Wiederaufbaus sowie Instandhaltung von Infrastruktur. → →Unterstützung staatlicher und zivilgesellschaft licher Strukturen durch Stärkung institutioneller, technischer und fachlicher Kapazitäten zur Bereitstellung von Basisdienstleistungen und der Planung katastrophenresilienter Infrastruktur. → →Berufliche Aus- und Weiterbildung von Fach personal zur Erbringung von Basisdienstleistungen und dessen Absicherung im Krisenfall, beispielsweise im Gesundheits- oder Bildungsbereich. → →Aufbau von Unterstützungsstrukturen für Dabei steht nicht nur der physische Wiederaufbau von Basisinfrastruktur im Fokus, sondern auch der gesellschaftliche Wiederaufbau: Lokale Kapazitäten zur sozialen Dienstleistungserbringung und lokale Wirtschaftskreisläufe (z. B. durch Rehabilitierung von Marktplätzen, Unterstützung von Kleinstbetrieben, Cash for Work) sollen wieder hergestellt werden. Gleichzeitig sollen Opfer von bewaffneten Konflikten und Katastrophen wieder in die Gesellschaft integriert werden können. Menschen, die benachteiligt sind und/ oder stark belastende Erfahrungen gemacht haben, Menschen mit Beeinträchtigungen und Schutzbedürfnissen beispielsweise durch Qualifizierung von nationalem Personal in unterschiedlichen Sektoren.",llama3.2:3b,"['Africa', 'Latin America']","[8.4, 9.1]","['Kenya', 'Brazil']",
strategiepapier510-02-2020.pdf,"→ →Rehabilitierung oder Bau sowie Instand haltung von Basisinfrastruktur, u. a. auch im Rahmen von Cash for Work oder Food for Work Maßnahmen. → →Kapazitätsstärkung und -förderung der Ziel gruppen und Dienstleister im Bereich physischen Wiederaufbaus sowie Instandhaltung von Infrastruktur. → →Unterstützung staatlicher und zivilgesellschaft licher Strukturen durch Stärkung institutioneller, technischer und fachlicher Kapazitäten zur Bereitstellung von Basisdienstleistungen und der Planung katastrophenresilienter Infrastruktur. → →Berufliche Aus- und Weiterbildung von Fach personal zur Erbringung von Basisdienstleistungen und dessen Absicherung im Krisenfall, beispielsweise im Gesundheits- oder Bildungsbereich. → →Aufbau von Unterstützungsstrukturen für Dabei steht nicht nur der physische Wiederaufbau von Basisinfrastruktur im Fokus, sondern auch der gesellschaftliche Wiederaufbau: Lokale Kapazitäten zur sozialen Dienstleistungserbringung und lokale Wirtschaftskreisläufe (z. B. durch Rehabilitierung von Marktplätzen, Unterstützung von Kleinstbetrieben, Cash for Work) sollen wieder hergestellt werden. Gleichzeitig sollen Opfer von bewaffneten Konflikten und Katastrophen wieder in die Gesellschaft integriert werden können. Menschen, die benachteiligt sind und/ oder stark belastende Erfahrungen gemacht haben, Menschen mit Beeinträchtigungen und Schutzbedürfnissen beispielsweise durch Qualifizierung von nationalem Personal in unterschiedlichen Sektoren.",olfh/teuken-7b-instruct-commercial-v0.4:7b,['Latin America'],"[1.4, 8.9, 10.2]",[],
strategiepapier510-02-2020.pdf,"→ →Rehabilitierung oder Bau sowie Instand haltung von Basisinfrastruktur, u. a. auch im Rahmen von Cash for Work oder Food for Work Maßnahmen. → →Kapazitätsstärkung und -förderung der Ziel gruppen und Dienstleister im Bereich physischen Wiederaufbaus sowie Instandhaltung von Infrastruktur. → →Unterstützung staatlicher und zivilgesellschaft licher Strukturen durch Stärkung institutioneller, technischer und fachlicher Kapazitäten zur Bereitstellung von Basisdienstleistungen und der Planung katastrophenresilienter Infrastruktur. → →Berufliche Aus- und Weiterbildung von Fach personal zur Erbringung von Basisdienstleistungen und dessen Absicherung im Krisenfall, beispielsweise im Gesundheits- oder Bildungsbereich. → →Aufbau von Unterstützungsstrukturen für Dabei steht nicht nur der physische Wiederaufbau von Basisinfrastruktur im Fokus, sondern auch der gesellschaftliche Wiederaufbau: Lokale Kapazitäten zur sozialen Dienstleistungserbringung und lokale Wirtschaftskreisläufe (z. B. durch Rehabilitierung von Marktplätzen, Unterstützung von Kleinstbetrieben, Cash for Work) sollen wieder hergestellt werden. Gleichzeitig sollen Opfer von bewaffneten Konflikten und Katastrophen wieder in die Gesellschaft integriert werden können. Menschen, die benachteiligt sind und/ oder stark belastende Erfahrungen gemacht haben, Menschen mit Beeinträchtigungen und Schutzbedürfnissen beispielsweise durch Qualifizierung von nationalem Personal in unterschiedlichen Sektoren.",qwen2.5:7b,"['Africa', 'Asia']","[1.4, 3, 9.1]",[],
strategiepapier510-02-2020.pdf,"→ →Rehabilitierung oder Bau sowie Instand haltung von Basisinfrastruktur, u. a. auch im Rahmen von Cash for Work oder Food for Work Maßnahmen. → →Kapazitätsstärkung und -förderung der Ziel gruppen und Dienstleister im Bereich physischen Wiederaufbaus sowie Instandhaltung von Infrastruktur. → →Unterstützung staatlicher und zivilgesellschaft licher Strukturen durch Stärkung institutioneller, technischer und fachlicher Kapazitäten zur Bereitstellung von Basisdienstleistungen und der Planung katastrophenresilienter Infrastruktur. → →Berufliche Aus- und Weiterbildung von Fach personal zur Erbringung von Basisdienstleistungen und dessen Absicherung im Krisenfall, beispielsweise im Gesundheits- oder Bildungsbereich. → →Aufbau von Unterstützungsstrukturen für Dabei steht nicht nur der physische Wiederaufbau von Basisinfrastruktur im Fokus, sondern auch der gesellschaftliche Wiederaufbau: Lokale Kapazitäten zur sozialen Dienstleistungserbringung und lokale Wirtschaftskreisläufe (z. B. durch Rehabilitierung von Marktplätzen, Unterstützung von Kleinstbetrieben, Cash for Work) sollen wieder hergestellt werden. Gleichzeitig sollen Opfer von bewaffneten Konflikten und Katastrophen wieder in die Gesellschaft integriert werden können. Menschen, die benachteiligt sind und/ oder stark belastende Erfahrungen gemacht haben, Menschen mit Beeinträchtigungen und Schutzbedürfnissen beispielsweise durch Qualifizierung von nationalem Personal in unterschiedlichen Sektoren.",mistral:7b,"['Africa', 'Asia']","[1.4, 9.1, 9.4, 8.2, 8.5]",['Not specified'],
strategiepapier510-02-2020.pdf,"→ →Rehabilitierung oder Bau sowie Instand haltung von Basisinfrastruktur, u. a. auch im Rahmen von Cash for Work oder Food for Work Maßnahmen. → →Kapazitätsstärkung und -förderung der Ziel gruppen und Dienstleister im Bereich physischen Wiederaufbaus sowie Instandhaltung von Infrastruktur. → →Unterstützung staatlicher und zivilgesellschaft licher Strukturen durch Stärkung institutioneller, technischer und fachlicher Kapazitäten zur Bereitstellung von Basisdienstleistungen und der Planung katastrophenresilienter Infrastruktur. → →Berufliche Aus- und Weiterbildung von Fach personal zur Erbringung von Basisdienstleistungen und dessen Absicherung im Krisenfall, beispielsweise im Gesundheits- oder Bildungsbereich. → →Aufbau von Unterstützungsstrukturen für Dabei steht nicht nur der physische Wiederaufbau von Basisinfrastruktur im Fokus, sondern auch der gesellschaftliche Wiederaufbau: Lokale Kapazitäten zur sozialen Dienstleistungserbringung und lokale Wirtschaftskreisläufe (z. B. durch Rehabilitierung von Marktplätzen, Unterstützung von Kleinstbetrieben, Cash for Work) sollen wieder hergestellt werden. Gleichzeitig sollen Opfer von bewaffneten Konflikten und Katastrophen wieder in die Gesellschaft integriert werden können. Menschen, die benachteiligt sind und/ oder stark belastende Erfahrungen gemacht haben, Menschen mit Beeinträchtigungen und Schutzbedürfnissen beispielsweise durch Qualifizierung von nationalem Personal in unterschiedlichen Sektoren.",llama3.1:8b,"['Africa', 'Asia']",[9.1],"['South Sudan', 'Sudan']",
bmz179-agents-of-change-210701.pdf,"7 % 7 % 17 % 12 %   Berufsbildung   (Grund)bildung   Gesundheit   Beschäftigungsförderung   Schutz vor Gewalt   Armut und Ernährung   Beteiligung   Faire Arbeitsbedingungen   Frieden, Sicherheit, Flucht Im Arbeitsfeld Armut und Ernährung zielt ein Vorhaben in Myanmar beispielsweise darauf ab, die Ernährungssituation und den Ernährungsstatus von Frauen und ihren Kleinkindern insbesondere durch Bewusstseinsförderung und Verhaltensänderung zu verbessern. Unterstützt wird das Vorhaben durch partizipative Bildungsmodule zu Ernährung und Nahrungsmitteln sowie Rollenspiele und Kochdemonstrationen. Insgesamt konnten mit diesen Maßnahmen bereits rund 23.850 Menschen erreicht werden, davon 5.960 Kinder. 19 Das Vorhaben „Verbesserung der Arbeits- und Sozialstandards in der pakistanischen Textilindustrie“ wurde im Auftrag des BMZ von der GIZ durchgeführt (Laufzeit 2017 bis 2010; Volumen: 12.050.000 Mio Euro). Nachfolgevorhaben: „Verbesserung der Arbeits-, Sozial- und Umweltstandards in der PAK Textilindustrie‘ (Laufzeit 2021 bis 2023; Volumen: 7.500.000 Mio. Euro) 20 Das Projekt „Bekämpfung von Kinderarbeit in Minen in Jharkhand und Sicherstellung des Zugangs zu Gesundheit, Ernährung und Bildung“ wird im Auftrag des BMZ von terre des hommes Deutschland durchgeführt (Laufzeit: 2019 bis 2021; Volumen: 307.000 Euro). 18 Zielerreichung und Umsetzungsstand",llama3.2:3b,['Asia'],"[10.7, 17.2]","['India', 'Pakistan']",
bmz179-agents-of-change-210701.pdf,"7 % 7 % 17 % 12 %   Berufsbildung   (Grund)bildung   Gesundheit   Beschäftigungsförderung   Schutz vor Gewalt   Armut und Ernährung   Beteiligung   Faire Arbeitsbedingungen   Frieden, Sicherheit, Flucht Im Arbeitsfeld Armut und Ernährung zielt ein Vorhaben in Myanmar beispielsweise darauf ab, die Ernährungssituation und den Ernährungsstatus von Frauen und ihren Kleinkindern insbesondere durch Bewusstseinsförderung und Verhaltensänderung zu verbessern. Unterstützt wird das Vorhaben durch partizipative Bildungsmodule zu Ernährung und Nahrungsmitteln sowie Rollenspiele und Kochdemonstrationen. Insgesamt konnten mit diesen Maßnahmen bereits rund 23.850 Menschen erreicht werden, davon 5.960 Kinder. 19 Das Vorhaben „Verbesserung der Arbeits- und Sozialstandards in der pakistanischen Textilindustrie“ wurde im Auftrag des BMZ von der GIZ durchgeführt (Laufzeit 2017 bis 2010; Volumen: 12.050.000 Mio Euro). Nachfolgevorhaben: „Verbesserung der Arbeits-, Sozial- und Umweltstandards in der PAK Textilindustrie‘ (Laufzeit 2021 bis 2023; Volumen: 7.500.000 Mio. Euro) 20 Das Projekt „Bekämpfung von Kinderarbeit in Minen in Jharkhand und Sicherstellung des Zugangs zu Gesundheit, Ernährung und Bildung“ wird im Auftrag des BMZ von terre des hommes Deutschland durchgeführt (Laufzeit: 2019 bis 2021; Volumen: 307.000 Euro). 18 Zielerreichung und Umsetzungsstand",olfh/teuken-7b-instruct-commercial-v0.4:7b,['Africa'],"[5, 6, 9]",['Kenya'],
bmz179-agents-of-change-210701.pdf,"7 % 7 % 17 % 12 %   Berufsbildung   (Grund)bildung   Gesundheit   Beschäftigungsförderung   Schutz vor Gewalt   Armut und Ernährung   Beteiligung   Faire Arbeitsbedingungen   Frieden, Sicherheit, Flucht Im Arbeitsfeld Armut und Ernährung zielt ein Vorhaben in Myanmar beispielsweise darauf ab, die Ernährungssituation und den Ernährungsstatus von Frauen und ihren Kleinkindern insbesondere durch Bewusstseinsförderung und Verhaltensänderung zu verbessern. Unterstützt wird das Vorhaben durch partizipative Bildungsmodule zu Ernährung und Nahrungsmitteln sowie Rollenspiele und Kochdemonstrationen. Insgesamt konnten mit diesen Maßnahmen bereits rund 23.850 Menschen erreicht werden, davon 5.960 Kinder. 19 Das Vorhaben „Verbesserung der Arbeits- und Sozialstandards in der pakistanischen Textilindustrie“ wurde im Auftrag des BMZ von der GIZ durchgeführt (Laufzeit 2017 bis 2010; Volumen: 12.050.000 Mio Euro). Nachfolgevorhaben: „Verbesserung der Arbeits-, Sozial- und Umweltstandards in der PAK Textilindustrie‘ (Laufzeit 2021 bis 2023; Volumen: 7.500.000 Mio. Euro) 20 Das Projekt „Bekämpfung von Kinderarbeit in Minen in Jharkhand und Sicherstellung des Zugangs zu Gesundheit, Ernährung und Bildung“ wird im Auftrag des BMZ von terre des hommes Deutschland durchgeführt (Laufzeit: 2019 bis 2021; Volumen: 307.000 Euro). 18 Zielerreichung und Umsetzungsstand",qwen2.5:7b,"['Asia', 'Africa']","[1, 2, 3, 8, 10]","['Myanmar', 'Pakistan', 'India']",
bmz179-agents-of-change-210701.pdf,"7 % 7 % 17 % 12 %   Berufsbildung   (Grund)bildung   Gesundheit   Beschäftigungsförderung   Schutz vor Gewalt   Armut und Ernährung   Beteiligung   Faire Arbeitsbedingungen   Frieden, Sicherheit, Flucht Im Arbeitsfeld Armut und Ernährung zielt ein Vorhaben in Myanmar beispielsweise darauf ab, die Ernährungssituation und den Ernährungsstatus von Frauen und ihren Kleinkindern insbesondere durch Bewusstseinsförderung und Verhaltensänderung zu verbessern. Unterstützt wird das Vorhaben durch partizipative Bildungsmodule zu Ernährung und Nahrungsmitteln sowie Rollenspiele und Kochdemonstrationen. Insgesamt konnten mit diesen Maßnahmen bereits rund 23.850 Menschen erreicht werden, davon 5.960 Kinder. 19 Das Vorhaben „Verbesserung der Arbeits- und Sozialstandards in der pakistanischen Textilindustrie“ wurde im Auftrag des BMZ von der GIZ durchgeführt (Laufzeit 2017 bis 2010; Volumen: 12.050.000 Mio Euro). Nachfolgevorhaben: „Verbesserung der Arbeits-, Sozial- und Umweltstandards in der PAK Textilindustrie‘ (Laufzeit 2021 bis 2023; Volumen: 7.500.000 Mio. Euro) 20 Das Projekt „Bekämpfung von Kinderarbeit in Minen in Jharkhand und Sicherstellung des Zugangs zu Gesundheit, Ernährung und Bildung“ wird im Auftrag des BMZ von terre des hommes Deutschland durchgeführt (Laufzeit: 2019 bis 2021; Volumen: 307.000 Euro). 18 Zielerreichung und Umsetzungsstand",mistral:7b,['Asia'],"[1.2, 1.3, 3.6, 4.4, 5.2, 8.2, 10.7, 12.3, 12.4, 12.8, 16.1, 16.9, 17.1]","['India', 'Pakistan']",
bmz179-agents-of-change-210701.pdf,"7 % 7 % 17 % 12 %   Berufsbildung   (Grund)bildung   Gesundheit   Beschäftigungsförderung   Schutz vor Gewalt   Armut und Ernährung   Beteiligung   Faire Arbeitsbedingungen   Frieden, Sicherheit, Flucht Im Arbeitsfeld Armut und Ernährung zielt ein Vorhaben in Myanmar beispielsweise darauf ab, die Ernährungssituation und den Ernährungsstatus von Frauen und ihren Kleinkindern insbesondere durch Bewusstseinsförderung und Verhaltensänderung zu verbessern. Unterstützt wird das Vorhaben durch partizipative Bildungsmodule zu Ernährung und Nahrungsmitteln sowie Rollenspiele und Kochdemonstrationen. Insgesamt konnten mit diesen Maßnahmen bereits rund 23.850 Menschen erreicht werden, davon 5.960 Kinder. 19 Das Vorhaben „Verbesserung der Arbeits- und Sozialstandards in der pakistanischen Textilindustrie“ wurde im Auftrag des BMZ von der GIZ durchgeführt (Laufzeit 2017 bis 2010; Volumen: 12.050.000 Mio Euro). Nachfolgevorhaben: „Verbesserung der Arbeits-, Sozial- und Umweltstandards in der PAK Textilindustrie‘ (Laufzeit 2021 bis 2023; Volumen: 7.500.000 Mio. Euro) 20 Das Projekt „Bekämpfung von Kinderarbeit in Minen in Jharkhand und Sicherstellung des Zugangs zu Gesundheit, Ernährung und Bildung“ wird im Auftrag des BMZ von terre des hommes Deutschland durchgeführt (Laufzeit: 2019 bis 2021; Volumen: 307.000 Euro). 18 Zielerreichung und Umsetzungsstand",llama3.1:8b,"['Asia', 'Africa']","[8.1, 4.7]","['Myanmar', 'Pakistan', 'India']",
ressortgemeinsame-evaluierungen.pdf,"Weitere Stakeholder: Auch Mittler- oder Trägerorganisationen spielen vielfach eine bedeutsame Rolle bei der Durchführung der zu evaluierenden Maßnahmen. Diese können internationale Organisationen, Durchführungs- oder zivilgesellschaftliche Organisationen sein. Ihr fachliches Wissen und ihre Kenntnisse des Kontextes sollten durch eine Beteiligung an der Referenzgruppe genutzt werden, insbesondere dann, wenn sich abzeichnet, dass sie auch Adressaten von Empfehlungen sein werden. Da in aller Regel Partnerorganisationen und lokale Vertretungen von Mittler- und Trägerorganisationen im Zuge von Feldmissionen interviewt werden, werden diese zumindest im Rahmen eines Workshops zum Abschluss einer Feldmission beteiligt. Einen Sonderfall stellen Gemeinschaftsfinanzierungen, an denen weitere Geber beteiligt sind, sowie zweckgebundene Beiträge an internationale Organisationen dar. In diesem Fall muss den anderen Gebern bzw. der internationalen Organisation eine angemessene Beteiligung angeboten und auf Wunsch eingeräumt werden. Externes Review Panel: Je nachdem ob und wenn welches Modell der externen Qualitätssicherung ge- wählt wird, können ein oder mehrere Externe mit thematischer und/oder evaluatorischer Qualifikation als eigenständiges Gremium oder in die RG integriert vorgesehen werden. Zu möglichen Funktionen vgl. im Einzelnen 4.4. 8 BMZ-ORIENTIERUNGSLINIEN FÜR RESSORTGEMEINSAME EVALUIERUNGEN 4  Evaluierungsprozess – Meilensteine zum Erfolg",llama3.2:3b,['Europe'],"[16.6, 11.3]",['Germany'],
ressortgemeinsame-evaluierungen.pdf,"Weitere Stakeholder: Auch Mittler- oder Trägerorganisationen spielen vielfach eine bedeutsame Rolle bei der Durchführung der zu evaluierenden Maßnahmen. Diese können internationale Organisationen, Durchführungs- oder zivilgesellschaftliche Organisationen sein. Ihr fachliches Wissen und ihre Kenntnisse des Kontextes sollten durch eine Beteiligung an der Referenzgruppe genutzt werden, insbesondere dann, wenn sich abzeichnet, dass sie auch Adressaten von Empfehlungen sein werden. Da in aller Regel Partnerorganisationen und lokale Vertretungen von Mittler- und Trägerorganisationen im Zuge von Feldmissionen interviewt werden, werden diese zumindest im Rahmen eines Workshops zum Abschluss einer Feldmission beteiligt. Einen Sonderfall stellen Gemeinschaftsfinanzierungen, an denen weitere Geber beteiligt sind, sowie zweckgebundene Beiträge an internationale Organisationen dar. In diesem Fall muss den anderen Gebern bzw. der internationalen Organisation eine angemessene Beteiligung angeboten und auf Wunsch eingeräumt werden. Externes Review Panel: Je nachdem ob und wenn welches Modell der externen Qualitätssicherung ge- wählt wird, können ein oder mehrere Externe mit thematischer und/oder evaluatorischer Qualifikation als eigenständiges Gremium oder in die RG integriert vorgesehen werden. Zu möglichen Funktionen vgl. im Einzelnen 4.4. 8 BMZ-ORIENTIERUNGSLINIEN FÜR RESSORTGEMEINSAME EVALUIERUNGEN 4  Evaluierungsprozess – Meilensteine zum Erfolg",olfh/teuken-7b-instruct-commercial-v0.4:7b,['Latin America'],"[10.2, 10.3, 16.1, 16.1]",['Brazil'],
ressortgemeinsame-evaluierungen.pdf,"Weitere Stakeholder: Auch Mittler- oder Trägerorganisationen spielen vielfach eine bedeutsame Rolle bei der Durchführung der zu evaluierenden Maßnahmen. Diese können internationale Organisationen, Durchführungs- oder zivilgesellschaftliche Organisationen sein. Ihr fachliches Wissen und ihre Kenntnisse des Kontextes sollten durch eine Beteiligung an der Referenzgruppe genutzt werden, insbesondere dann, wenn sich abzeichnet, dass sie auch Adressaten von Empfehlungen sein werden. Da in aller Regel Partnerorganisationen und lokale Vertretungen von Mittler- und Trägerorganisationen im Zuge von Feldmissionen interviewt werden, werden diese zumindest im Rahmen eines Workshops zum Abschluss einer Feldmission beteiligt. Einen Sonderfall stellen Gemeinschaftsfinanzierungen, an denen weitere Geber beteiligt sind, sowie zweckgebundene Beiträge an internationale Organisationen dar. In diesem Fall muss den anderen Gebern bzw. der internationalen Organisation eine angemessene Beteiligung angeboten und auf Wunsch eingeräumt werden. Externes Review Panel: Je nachdem ob und wenn welches Modell der externen Qualitätssicherung ge- wählt wird, können ein oder mehrere Externe mit thematischer und/oder evaluatorischer Qualifikation als eigenständiges Gremium oder in die RG integriert vorgesehen werden. Zu möglichen Funktionen vgl. im Einzelnen 4.4. 8 BMZ-ORIENTIERUNGSLINIEN FÜR RESSORTGEMEINSAME EVALUIERUNGEN 4  Evaluierungsprozess – Meilensteine zum Erfolg",qwen2.5:7b,[],[17.16],[],
ressortgemeinsame-evaluierungen.pdf,"Weitere Stakeholder: Auch Mittler- oder Trägerorganisationen spielen vielfach eine bedeutsame Rolle bei der Durchführung der zu evaluierenden Maßnahmen. Diese können internationale Organisationen, Durchführungs- oder zivilgesellschaftliche Organisationen sein. Ihr fachliches Wissen und ihre Kenntnisse des Kontextes sollten durch eine Beteiligung an der Referenzgruppe genutzt werden, insbesondere dann, wenn sich abzeichnet, dass sie auch Adressaten von Empfehlungen sein werden. Da in aller Regel Partnerorganisationen und lokale Vertretungen von Mittler- und Trägerorganisationen im Zuge von Feldmissionen interviewt werden, werden diese zumindest im Rahmen eines Workshops zum Abschluss einer Feldmission beteiligt. Einen Sonderfall stellen Gemeinschaftsfinanzierungen, an denen weitere Geber beteiligt sind, sowie zweckgebundene Beiträge an internationale Organisationen dar. In diesem Fall muss den anderen Gebern bzw. der internationalen Organisation eine angemessene Beteiligung angeboten und auf Wunsch eingeräumt werden. Externes Review Panel: Je nachdem ob und wenn welches Modell der externen Qualitätssicherung ge- wählt wird, können ein oder mehrere Externe mit thematischer und/oder evaluatorischer Qualifikation als eigenständiges Gremium oder in die RG integriert vorgesehen werden. Zu möglichen Funktionen vgl. im Einzelnen 4.4. 8 BMZ-ORIENTIERUNGSLINIEN FÜR RESSORTGEMEINSAME EVALUIERUNGEN 4  Evaluierungsprozess – Meilensteine zum Erfolg",mistral:7b,[],[17.16],[],
ressortgemeinsame-evaluierungen.pdf,"Weitere Stakeholder: Auch Mittler- oder Trägerorganisationen spielen vielfach eine bedeutsame Rolle bei der Durchführung der zu evaluierenden Maßnahmen. Diese können internationale Organisationen, Durchführungs- oder zivilgesellschaftliche Organisationen sein. Ihr fachliches Wissen und ihre Kenntnisse des Kontextes sollten durch eine Beteiligung an der Referenzgruppe genutzt werden, insbesondere dann, wenn sich abzeichnet, dass sie auch Adressaten von Empfehlungen sein werden. Da in aller Regel Partnerorganisationen und lokale Vertretungen von Mittler- und Trägerorganisationen im Zuge von Feldmissionen interviewt werden, werden diese zumindest im Rahmen eines Workshops zum Abschluss einer Feldmission beteiligt. Einen Sonderfall stellen Gemeinschaftsfinanzierungen, an denen weitere Geber beteiligt sind, sowie zweckgebundene Beiträge an internationale Organisationen dar. In diesem Fall muss den anderen Gebern bzw. der internationalen Organisation eine angemessene Beteiligung angeboten und auf Wunsch eingeräumt werden. Externes Review Panel: Je nachdem ob und wenn welches Modell der externen Qualitätssicherung ge- wählt wird, können ein oder mehrere Externe mit thematischer und/oder evaluatorischer Qualifikation als eigenständiges Gremium oder in die RG integriert vorgesehen werden. Zu möglichen Funktionen vgl. im Einzelnen 4.4. 8 BMZ-ORIENTIERUNGSLINIEN FÜR RESSORTGEMEINSAME EVALUIERUNGEN 4  Evaluierungsprozess – Meilensteine zum Erfolg",llama3.1:8b,[],[16.6],['Germany'],
bmz-kernthemenstrategie-klima-energie.pdf,"Auf der bisherigen Präsenz und dem Erfolg der deutschen Entwicklungspolitik zur klima- und energiepolitischen Zusammenarbeit kann das BMZ auch in Zukunft aufbauen. Einer noch engeren Verzahnung der bi- und multilateralen Instrumente wird dabei eine wichtige Rolle zukommen, um systemische Veränderungen wirksam zu befördern. Zentrale Akteure der multilateralen Zusammenarbeit sind insbesondere die Weltbankgruppe und regionale Entwicklungsbanken, die Institutionen der EU, das Entwicklungsprogramm der Vereinten Nationen (UNDP), das Programm der Vereinten Nationen für menschliche Siedlungen (UN-Habitat), der Internationale Währungsfonds (IWF), die Internationale Agentur für Erneuerbare Energien (IRENA) sowie der GCF und die GEF. 13 BMZ STRATEGIE – PAPIER 6 | 2021    BMZ-KERNTHEMENSTRATEGIE – KLIMA UND ENERGIE 3 Strategische Schlussfolgerungen und Ausrichtung der deutschen Kooperation für die Jahre 2021 bis 2025 3.1 Ansatz und Interessen der deutschen Entwicklungspolitik Die bisherigen Anstrengungen für den Klimaschutz reichen nicht aus, um das 1,5-Grad-Ziel zu erreichen. Daher setzt sich das BMZ sowohl als Partner in Entwicklungs- und Schwellenländern als auch global für eine entschiedene und auf die Ziele des Pariser Abkommens ausgerichtete Klimapolitik ein.",llama3.2:3b,['Europe'],"[13.1, 17.6]",['Germany'],
bmz-kernthemenstrategie-klima-energie.pdf,"Auf der bisherigen Präsenz und dem Erfolg der deutschen Entwicklungspolitik zur klima- und energiepolitischen Zusammenarbeit kann das BMZ auch in Zukunft aufbauen. Einer noch engeren Verzahnung der bi- und multilateralen Instrumente wird dabei eine wichtige Rolle zukommen, um systemische Veränderungen wirksam zu befördern. Zentrale Akteure der multilateralen Zusammenarbeit sind insbesondere die Weltbankgruppe und regionale Entwicklungsbanken, die Institutionen der EU, das Entwicklungsprogramm der Vereinten Nationen (UNDP), das Programm der Vereinten Nationen für menschliche Siedlungen (UN-Habitat), der Internationale Währungsfonds (IWF), die Internationale Agentur für Erneuerbare Energien (IRENA) sowie der GCF und die GEF. 13 BMZ STRATEGIE – PAPIER 6 | 2021    BMZ-KERNTHEMENSTRATEGIE – KLIMA UND ENERGIE 3 Strategische Schlussfolgerungen und Ausrichtung der deutschen Kooperation für die Jahre 2021 bis 2025 3.1 Ansatz und Interessen der deutschen Entwicklungspolitik Die bisherigen Anstrengungen für den Klimaschutz reichen nicht aus, um das 1,5-Grad-Ziel zu erreichen. Daher setzt sich das BMZ sowohl als Partner in Entwicklungs- und Schwellenländern als auch global für eine entschiedene und auf die Ziele des Pariser Abkommens ausgerichtete Klimapolitik ein.",olfh/teuken-7b-instruct-commercial-v0.4:7b,[],"[15.1, 8.4, 17.7, 4.3]",['worldwide'],
bmz-kernthemenstrategie-klima-energie.pdf,"Auf der bisherigen Präsenz und dem Erfolg der deutschen Entwicklungspolitik zur klima- und energiepolitischen Zusammenarbeit kann das BMZ auch in Zukunft aufbauen. Einer noch engeren Verzahnung der bi- und multilateralen Instrumente wird dabei eine wichtige Rolle zukommen, um systemische Veränderungen wirksam zu befördern. Zentrale Akteure der multilateralen Zusammenarbeit sind insbesondere die Weltbankgruppe und regionale Entwicklungsbanken, die Institutionen der EU, das Entwicklungsprogramm der Vereinten Nationen (UNDP), das Programm der Vereinten Nationen für menschliche Siedlungen (UN-Habitat), der Internationale Währungsfonds (IWF), die Internationale Agentur für Erneuerbare Energien (IRENA) sowie der GCF und die GEF. 13 BMZ STRATEGIE – PAPIER 6 | 2021    BMZ-KERNTHEMENSTRATEGIE – KLIMA UND ENERGIE 3 Strategische Schlussfolgerungen und Ausrichtung der deutschen Kooperation für die Jahre 2021 bis 2025 3.1 Ansatz und Interessen der deutschen Entwicklungspolitik Die bisherigen Anstrengungen für den Klimaschutz reichen nicht aus, um das 1,5-Grad-Ziel zu erreichen. Daher setzt sich das BMZ sowohl als Partner in Entwicklungs- und Schwellenländern als auch global für eine entschiedene und auf die Ziele des Pariser Abkommens ausgerichtete Klimapolitik ein.",qwen2.5:7b,['Global'],"[13.2, 17.8]",['Germany'],
bmz-kernthemenstrategie-klima-energie.pdf,"Auf der bisherigen Präsenz und dem Erfolg der deutschen Entwicklungspolitik zur klima- und energiepolitischen Zusammenarbeit kann das BMZ auch in Zukunft aufbauen. Einer noch engeren Verzahnung der bi- und multilateralen Instrumente wird dabei eine wichtige Rolle zukommen, um systemische Veränderungen wirksam zu befördern. Zentrale Akteure der multilateralen Zusammenarbeit sind insbesondere die Weltbankgruppe und regionale Entwicklungsbanken, die Institutionen der EU, das Entwicklungsprogramm der Vereinten Nationen (UNDP), das Programm der Vereinten Nationen für menschliche Siedlungen (UN-Habitat), der Internationale Währungsfonds (IWF), die Internationale Agentur für Erneuerbare Energien (IRENA) sowie der GCF und die GEF. 13 BMZ STRATEGIE – PAPIER 6 | 2021    BMZ-KERNTHEMENSTRATEGIE – KLIMA UND ENERGIE 3 Strategische Schlussfolgerungen und Ausrichtung der deutschen Kooperation für die Jahre 2021 bis 2025 3.1 Ansatz und Interessen der deutschen Entwicklungspolitik Die bisherigen Anstrengungen für den Klimaschutz reichen nicht aus, um das 1,5-Grad-Ziel zu erreichen. Daher setzt sich das BMZ sowohl als Partner in Entwicklungs- und Schwellenländern als auch global für eine entschiedene und auf die Ziele des Pariser Abkommens ausgerichtete Klimapolitik ein.",mistral:7b,"['Africa', 'Asia']","[13.1, 13.2, 6.7, 7.6, 7.7]",['Not specified'],
bmz-kernthemenstrategie-klima-energie.pdf,"Auf der bisherigen Präsenz und dem Erfolg der deutschen Entwicklungspolitik zur klima- und energiepolitischen Zusammenarbeit kann das BMZ auch in Zukunft aufbauen. Einer noch engeren Verzahnung der bi- und multilateralen Instrumente wird dabei eine wichtige Rolle zukommen, um systemische Veränderungen wirksam zu befördern. Zentrale Akteure der multilateralen Zusammenarbeit sind insbesondere die Weltbankgruppe und regionale Entwicklungsbanken, die Institutionen der EU, das Entwicklungsprogramm der Vereinten Nationen (UNDP), das Programm der Vereinten Nationen für menschliche Siedlungen (UN-Habitat), der Internationale Währungsfonds (IWF), die Internationale Agentur für Erneuerbare Energien (IRENA) sowie der GCF und die GEF. 13 BMZ STRATEGIE – PAPIER 6 | 2021    BMZ-KERNTHEMENSTRATEGIE – KLIMA UND ENERGIE 3 Strategische Schlussfolgerungen und Ausrichtung der deutschen Kooperation für die Jahre 2021 bis 2025 3.1 Ansatz und Interessen der deutschen Entwicklungspolitik Die bisherigen Anstrengungen für den Klimaschutz reichen nicht aus, um das 1,5-Grad-Ziel zu erreichen. Daher setzt sich das BMZ sowohl als Partner in Entwicklungs- und Schwellenländern als auch global für eine entschiedene und auf die Ziele des Pariser Abkommens ausgerichtete Klimapolitik ein.",llama3.1:8b,"['Europe', 'Africa', 'Asia']","[13.2, 17.7]",['Germany'],
sexuelle-und-reproduktive-gesundheit-und-rechte-staerken.pdf,"| 1918 | FAMILIENPLANUNG Gesundheit steht oben auf der Agenda Großes Vertriebsnetz für Verhütungsmittel Doch die ivorische Regierung hat das Gesundheitswesen ganz oben auf ihre Agenda gesetzt. Sie will die Ausgaben für Gesundheit pro Jahr um 5 bis 15 Prozent erhöhen, bis sie 15 Prozent des Bruttoinlandsprodukts ausmachen. Weitere Ziele der Regierung bis 2025: Der Anteil der Menschen im Land, die moderne Verhütungsmittel nutzen, soll von 21 Prozent auf 41 Prozent steigen – der Anteil der Frauen, die sich während ihrer Schwangerschaft regelmäßig medizinisch untersuchen lassen, von 51 auf 63 Prozent. Den ungedeckten Bedarf an Verhütungsmitteln will das Gesundheitsministerium von 22 auf 13 Prozent senken. Die KfW Entwicklungsbank unterstützt das Land im Auftrag des Bundesministeriums für wirtschaftliche Zusammenarbeit und Entwicklung und hat in CÔte d´Ivoire seit 1995 Gesundheitsprogramme mit einem Volumen von rund 59 Millionen Euro gefördert.",llama3.2:3b,"['Africa', 'Europe']","[11.7, 3.4]",['Ivory Coast'],
sexuelle-und-reproduktive-gesundheit-und-rechte-staerken.pdf,"| 1918 | FAMILIENPLANUNG Gesundheit steht oben auf der Agenda Großes Vertriebsnetz für Verhütungsmittel Doch die ivorische Regierung hat das Gesundheitswesen ganz oben auf ihre Agenda gesetzt. Sie will die Ausgaben für Gesundheit pro Jahr um 5 bis 15 Prozent erhöhen, bis sie 15 Prozent des Bruttoinlandsprodukts ausmachen. Weitere Ziele der Regierung bis 2025: Der Anteil der Menschen im Land, die moderne Verhütungsmittel nutzen, soll von 21 Prozent auf 41 Prozent steigen – der Anteil der Frauen, die sich während ihrer Schwangerschaft regelmäßig medizinisch untersuchen lassen, von 51 auf 63 Prozent. Den ungedeckten Bedarf an Verhütungsmitteln will das Gesundheitsministerium von 22 auf 13 Prozent senken. Die KfW Entwicklungsbank unterstützt das Land im Auftrag des Bundesministeriums für wirtschaftliche Zusammenarbeit und Entwicklung und hat in CÔte d´Ivoire seit 1995 Gesundheitsprogramme mit einem Volumen von rund 59 Millionen Euro gefördert.",olfh/teuken-7b-instruct-commercial-v0.4:7b,['Africa'],"[2.4, 3.8]","[""Côte d'Ivoire""]",
sexuelle-und-reproduktive-gesundheit-und-rechte-staerken.pdf,"| 1918 | FAMILIENPLANUNG Gesundheit steht oben auf der Agenda Großes Vertriebsnetz für Verhütungsmittel Doch die ivorische Regierung hat das Gesundheitswesen ganz oben auf ihre Agenda gesetzt. Sie will die Ausgaben für Gesundheit pro Jahr um 5 bis 15 Prozent erhöhen, bis sie 15 Prozent des Bruttoinlandsprodukts ausmachen. Weitere Ziele der Regierung bis 2025: Der Anteil der Menschen im Land, die moderne Verhütungsmittel nutzen, soll von 21 Prozent auf 41 Prozent steigen – der Anteil der Frauen, die sich während ihrer Schwangerschaft regelmäßig medizinisch untersuchen lassen, von 51 auf 63 Prozent. Den ungedeckten Bedarf an Verhütungsmitteln will das Gesundheitsministerium von 22 auf 13 Prozent senken. Die KfW Entwicklungsbank unterstützt das Land im Auftrag des Bundesministeriums für wirtschaftliche Zusammenarbeit und Entwicklung und hat in CÔte d´Ivoire seit 1995 Gesundheitsprogramme mit einem Volumen von rund 59 Millionen Euro gefördert.",qwen2.5:7b,['Africa'],[3.2],"[""Côte d'Ivoire""]",
sexuelle-und-reproduktive-gesundheit-und-rechte-staerken.pdf,"| 1918 | FAMILIENPLANUNG Gesundheit steht oben auf der Agenda Großes Vertriebsnetz für Verhütungsmittel Doch die ivorische Regierung hat das Gesundheitswesen ganz oben auf ihre Agenda gesetzt. Sie will die Ausgaben für Gesundheit pro Jahr um 5 bis 15 Prozent erhöhen, bis sie 15 Prozent des Bruttoinlandsprodukts ausmachen. Weitere Ziele der Regierung bis 2025: Der Anteil der Menschen im Land, die moderne Verhütungsmittel nutzen, soll von 21 Prozent auf 41 Prozent steigen – der Anteil der Frauen, die sich während ihrer Schwangerschaft regelmäßig medizinisch untersuchen lassen, von 51 auf 63 Prozent. Den ungedeckten Bedarf an Verhütungsmitteln will das Gesundheitsministerium von 22 auf 13 Prozent senken. Die KfW Entwicklungsbank unterstützt das Land im Auftrag des Bundesministeriums für wirtschaftliche Zusammenarbeit und Entwicklung und hat in CÔte d´Ivoire seit 1995 Gesundheitsprogramme mit einem Volumen von rund 59 Millionen Euro gefördert.",mistral:7b,['Africa'],"[3.7, 3.8]","[""Côte d'Ivoire""]",
sexuelle-und-reproduktive-gesundheit-und-rechte-staerken.pdf,"| 1918 | FAMILIENPLANUNG Gesundheit steht oben auf der Agenda Großes Vertriebsnetz für Verhütungsmittel Doch die ivorische Regierung hat das Gesundheitswesen ganz oben auf ihre Agenda gesetzt. Sie will die Ausgaben für Gesundheit pro Jahr um 5 bis 15 Prozent erhöhen, bis sie 15 Prozent des Bruttoinlandsprodukts ausmachen. Weitere Ziele der Regierung bis 2025: Der Anteil der Menschen im Land, die moderne Verhütungsmittel nutzen, soll von 21 Prozent auf 41 Prozent steigen – der Anteil der Frauen, die sich während ihrer Schwangerschaft regelmäßig medizinisch untersuchen lassen, von 51 auf 63 Prozent. Den ungedeckten Bedarf an Verhütungsmitteln will das Gesundheitsministerium von 22 auf 13 Prozent senken. Die KfW Entwicklungsbank unterstützt das Land im Auftrag des Bundesministeriums für wirtschaftliche Zusammenarbeit und Entwicklung und hat in CÔte d´Ivoire seit 1995 Gesundheitsprogramme mit einem Volumen von rund 59 Millionen Euro gefördert.",llama3.1:8b,['Africa'],[],"[""Côte d'Ivoire""]",
dritter-religions-und-weltanschauungsfreiheitsbericht.pdf,"Die Afrikanische Kommission für Menschenrechte und Rechte der Völker hat 2010 eine Entscheidung zu den Landrechten der Endorois, einer indigenen Gemeinschaft in Kenia, auf die Religionsfreiheit gestützt. Sie sieht die Religionsfreiheit der betroffenen Gemeinschaft nicht nur beeinträchtigt, sondern die religiöse Praxis durch die erzwungene Trennung von den „heiligen Stätten“ unmöglich gemacht.46 1.7 Das FPIC-Prinzip Ein verbreitetes Missverständnis bei Indigenenrechten besteht darin, es gehe bei diesen Anliegen um Privilegien, also eine ungerechte Bevorzugung einer bestimmten Gruppe gegenüber der Mehrheitsbevölkerung, wohingegen indigene Völker tatsächlich häufig marginalisiert sind.",llama3.2:3b,['Africa'],[10.2],['Kenya'],
dritter-religions-und-weltanschauungsfreiheitsbericht.pdf,"Die Afrikanische Kommission für Menschenrechte und Rechte der Völker hat 2010 eine Entscheidung zu den Landrechten der Endorois, einer indigenen Gemeinschaft in Kenia, auf die Religionsfreiheit gestützt. Sie sieht die Religionsfreiheit der betroffenen Gemeinschaft nicht nur beeinträchtigt, sondern die religiöse Praxis durch die erzwungene Trennung von den „heiligen Stätten“ unmöglich gemacht.46 1.7 Das FPIC-Prinzip Ein verbreitetes Missverständnis bei Indigenenrechten besteht darin, es gehe bei diesen Anliegen um Privilegien, also eine ungerechte Bevorzugung einer bestimmten Gruppe gegenüber der Mehrheitsbevölkerung, wohingegen indigene Völker tatsächlich häufig marginalisiert sind.",olfh/teuken-7b-instruct-commercial-v0.4:7b,['Africa'],"[10.2, 16.1]",[],
dritter-religions-und-weltanschauungsfreiheitsbericht.pdf,"Die Afrikanische Kommission für Menschenrechte und Rechte der Völker hat 2010 eine Entscheidung zu den Landrechten der Endorois, einer indigenen Gemeinschaft in Kenia, auf die Religionsfreiheit gestützt. Sie sieht die Religionsfreiheit der betroffenen Gemeinschaft nicht nur beeinträchtigt, sondern die religiöse Praxis durch die erzwungene Trennung von den „heiligen Stätten“ unmöglich gemacht.46 1.7 Das FPIC-Prinzip Ein verbreitetes Missverständnis bei Indigenenrechten besteht darin, es gehe bei diesen Anliegen um Privilegien, also eine ungerechte Bevorzugung einer bestimmten Gruppe gegenüber der Mehrheitsbevölkerung, wohingegen indigene Völker tatsächlich häufig marginalisiert sind.",qwen2.5:7b,['Africa'],"[10.2, 5.6]",['Kenya'],
dritter-religions-und-weltanschauungsfreiheitsbericht.pdf,"Die Afrikanische Kommission für Menschenrechte und Rechte der Völker hat 2010 eine Entscheidung zu den Landrechten der Endorois, einer indigenen Gemeinschaft in Kenia, auf die Religionsfreiheit gestützt. Sie sieht die Religionsfreiheit der betroffenen Gemeinschaft nicht nur beeinträchtigt, sondern die religiöse Praxis durch die erzwungene Trennung von den „heiligen Stätten“ unmöglich gemacht.46 1.7 Das FPIC-Prinzip Ein verbreitetes Missverständnis bei Indigenenrechten besteht darin, es gehe bei diesen Anliegen um Privilegien, also eine ungerechte Bevorzugung einer bestimmten Gruppe gegenüber der Mehrheitsbevölkerung, wohingegen indigene Völker tatsächlich häufig marginalisiert sind.",mistral:7b,['Africa'],[1.7],['Kenya'],
dritter-religions-und-weltanschauungsfreiheitsbericht.pdf,"Die Afrikanische Kommission für Menschenrechte und Rechte der Völker hat 2010 eine Entscheidung zu den Landrechten der Endorois, einer indigenen Gemeinschaft in Kenia, auf die Religionsfreiheit gestützt. Sie sieht die Religionsfreiheit der betroffenen Gemeinschaft nicht nur beeinträchtigt, sondern die religiöse Praxis durch die erzwungene Trennung von den „heiligen Stätten“ unmöglich gemacht.46 1.7 Das FPIC-Prinzip Ein verbreitetes Missverständnis bei Indigenenrechten besteht darin, es gehe bei diesen Anliegen um Privilegien, also eine ungerechte Bevorzugung einer bestimmten Gruppe gegenüber der Mehrheitsbevölkerung, wohingegen indigene Völker tatsächlich häufig marginalisiert sind.",llama3.1:8b,['Africa'],[5.6],['Kenya'],
menschenrechtsleitfaden-2026.pdf,"• Die Afrikanische Charta der Menschenrechte und Rechte der Völker (Banjul-Charta, 1986). • Das Übereinkommen über den Zugang zu Informationen, die Öffentlichkeitsbeteiligung und über die juristische Prüfung in Umweltangelegenheiten in Lateinamerika und der Karibik (Escazú-Konvention, 2021) und das Übereinkommen über den Zugang zu Informationen, die Öffentlichkeitsbeteiligung an Entscheidungsverfahren und den Zugang zu Gerichten in Umweltangelegenheiten (Aarhus-Konvention, 2001). • Das Internationale Übereinkommen über die biologische Vielfalt (CBD, 1992). • Das Protokoll von Nagoya über den Zugang zu genetischen Ressourcen und die ausgewogene und gerechte Aufteilung der sich aus ihrer Nutzung ergebenden Vorteile (2014). • Die Erklärung der Vereinten Nationen über die Rechte der indigenen Völker (UNDRIP, 2007) ist ein internationaler Referenzrahmen für die Rechte Indigener Völker. • Der Beschluss der Konferenz der Vertragsparteien des Übereinkommens über die Biologische Vielfaltzum Globalen Biodiversitätsrahmens (2022). • Der Orientierungsrahmen Menschenrechte im Biodiversitätserhalt der GIZ (2020). • Der Ranger Code of Conduct der International Ranger Federation (2021). • CBD, 2022: Best practices in Gender and Biodiversity. • Resolution der VN-Generalversammlung zum Menschenrecht auf eine saubere, gesunde und nachhaltige Umwelt (A/RES/76/300, 2022).",llama3.2:3b,"['Africa', 'Asia', 'Latin America']","[14.6, 1.4, 15.4, 14.5]",['Kenya'],
menschenrechtsleitfaden-2026.pdf,"• Die Afrikanische Charta der Menschenrechte und Rechte der Völker (Banjul-Charta, 1986). • Das Übereinkommen über den Zugang zu Informationen, die Öffentlichkeitsbeteiligung und über die juristische Prüfung in Umweltangelegenheiten in Lateinamerika und der Karibik (Escazú-Konvention, 2021) und das Übereinkommen über den Zugang zu Informationen, die Öffentlichkeitsbeteiligung an Entscheidungsverfahren und den Zugang zu Gerichten in Umweltangelegenheiten (Aarhus-Konvention, 2001). • Das Internationale Übereinkommen über die biologische Vielfalt (CBD, 1992). • Das Protokoll von Nagoya über den Zugang zu genetischen Ressourcen und die ausgewogene und gerechte Aufteilung der sich aus ihrer Nutzung ergebenden Vorteile (2014). • Die Erklärung der Vereinten Nationen über die Rechte der indigenen Völker (UNDRIP, 2007) ist ein internationaler Referenzrahmen für die Rechte Indigener Völker. • Der Beschluss der Konferenz der Vertragsparteien des Übereinkommens über die Biologische Vielfaltzum Globalen Biodiversitätsrahmens (2022). • Der Orientierungsrahmen Menschenrechte im Biodiversitätserhalt der GIZ (2020). • Der Ranger Code of Conduct der International Ranger Federation (2021). • CBD, 2022: Best practices in Gender and Biodiversity. • Resolution der VN-Generalversammlung zum Menschenrecht auf eine saubere, gesunde und nachhaltige Umwelt (A/RES/76/300, 2022).",olfh/teuken-7b-instruct-commercial-v0.4:7b,['global'],"[1.4, 8.5, 16.1]",[],
menschenrechtsleitfaden-2026.pdf,"• Die Afrikanische Charta der Menschenrechte und Rechte der Völker (Banjul-Charta, 1986). • Das Übereinkommen über den Zugang zu Informationen, die Öffentlichkeitsbeteiligung und über die juristische Prüfung in Umweltangelegenheiten in Lateinamerika und der Karibik (Escazú-Konvention, 2021) und das Übereinkommen über den Zugang zu Informationen, die Öffentlichkeitsbeteiligung an Entscheidungsverfahren und den Zugang zu Gerichten in Umweltangelegenheiten (Aarhus-Konvention, 2001). • Das Internationale Übereinkommen über die biologische Vielfalt (CBD, 1992). • Das Protokoll von Nagoya über den Zugang zu genetischen Ressourcen und die ausgewogene und gerechte Aufteilung der sich aus ihrer Nutzung ergebenden Vorteile (2014). • Die Erklärung der Vereinten Nationen über die Rechte der indigenen Völker (UNDRIP, 2007) ist ein internationaler Referenzrahmen für die Rechte Indigener Völker. • Der Beschluss der Konferenz der Vertragsparteien des Übereinkommens über die Biologische Vielfaltzum Globalen Biodiversitätsrahmens (2022). • Der Orientierungsrahmen Menschenrechte im Biodiversitätserhalt der GIZ (2020). • Der Ranger Code of Conduct der International Ranger Federation (2021). • CBD, 2022: Best practices in Gender and Biodiversity. • Resolution der VN-Generalversammlung zum Menschenrecht auf eine saubere, gesunde und nachhaltige Umwelt (A/RES/76/300, 2022).",qwen2.5:7b,"['Africa', 'Latin America']","[14.5, 15.9, 16.6]",[],
menschenrechtsleitfaden-2026.pdf,"• Die Afrikanische Charta der Menschenrechte und Rechte der Völker (Banjul-Charta, 1986). • Das Übereinkommen über den Zugang zu Informationen, die Öffentlichkeitsbeteiligung und über die juristische Prüfung in Umweltangelegenheiten in Lateinamerika und der Karibik (Escazú-Konvention, 2021) und das Übereinkommen über den Zugang zu Informationen, die Öffentlichkeitsbeteiligung an Entscheidungsverfahren und den Zugang zu Gerichten in Umweltangelegenheiten (Aarhus-Konvention, 2001). • Das Internationale Übereinkommen über die biologische Vielfalt (CBD, 1992). • Das Protokoll von Nagoya über den Zugang zu genetischen Ressourcen und die ausgewogene und gerechte Aufteilung der sich aus ihrer Nutzung ergebenden Vorteile (2014). • Die Erklärung der Vereinten Nationen über die Rechte der indigenen Völker (UNDRIP, 2007) ist ein internationaler Referenzrahmen für die Rechte Indigener Völker. • Der Beschluss der Konferenz der Vertragsparteien des Übereinkommens über die Biologische Vielfaltzum Globalen Biodiversitätsrahmens (2022). • Der Orientierungsrahmen Menschenrechte im Biodiversitätserhalt der GIZ (2020). • Der Ranger Code of Conduct der International Ranger Federation (2021). • CBD, 2022: Best practices in Gender and Biodiversity. • Resolution der VN-Generalversammlung zum Menschenrecht auf eine saubere, gesunde und nachhaltige Umwelt (A/RES/76/300, 2022).",mistral:7b,"['Africa', 'Latin America']","[12.8, 15.4, 15.9, 15.1]",[],
menschenrechtsleitfaden-2026.pdf,"• Die Afrikanische Charta der Menschenrechte und Rechte der Völker (Banjul-Charta, 1986). • Das Übereinkommen über den Zugang zu Informationen, die Öffentlichkeitsbeteiligung und über die juristische Prüfung in Umweltangelegenheiten in Lateinamerika und der Karibik (Escazú-Konvention, 2021) und das Übereinkommen über den Zugang zu Informationen, die Öffentlichkeitsbeteiligung an Entscheidungsverfahren und den Zugang zu Gerichten in Umweltangelegenheiten (Aarhus-Konvention, 2001). • Das Internationale Übereinkommen über die biologische Vielfalt (CBD, 1992). • Das Protokoll von Nagoya über den Zugang zu genetischen Ressourcen und die ausgewogene und gerechte Aufteilung der sich aus ihrer Nutzung ergebenden Vorteile (2014). • Die Erklärung der Vereinten Nationen über die Rechte der indigenen Völker (UNDRIP, 2007) ist ein internationaler Referenzrahmen für die Rechte Indigener Völker. • Der Beschluss der Konferenz der Vertragsparteien des Übereinkommens über die Biologische Vielfaltzum Globalen Biodiversitätsrahmens (2022). • Der Orientierungsrahmen Menschenrechte im Biodiversitätserhalt der GIZ (2020). • Der Ranger Code of Conduct der International Ranger Federation (2021). • CBD, 2022: Best practices in Gender and Biodiversity. • Resolution der VN-Generalversammlung zum Menschenrecht auf eine saubere, gesunde und nachhaltige Umwelt (A/RES/76/300, 2022).",llama3.1:8b,"['Africa', 'Asia', 'Latin America']","[8.7, 12.8, 15.4]","['Kenya', 'India']",
smaterialie355-afrika-finanzierungsprogramme.pdf,"WIE BEWIRBT MAN SICH? Unternehmen können sich auf offene Ausschreibungen bewerben Offene Ausschreibungen werden auf der Webseite und per Newsletter veröffentlicht. Der Bewerbungszeitraum, die Zugangskriterien und Bewerbungsauflagen variieren je nach Ausschreibung. HINWEISE Fokus auf Zugangskriterien: Unternehmen sollen in ihrer Bewerbung möglichst klar auf die allgemeinen Zugangskriterien und auf die Querschnittsthemen Armutsreduzierung, Innovation, schwierige Märkte und Gleichberechtigung eingehen. Beide werden näher in den Bewerbungsrichtlinien beschrieben. 25 9 9. Feed the Future – Private Sector Engagement Hub USAID KLEIN-, MITTEL- UND GROSSUNTERNEHMEN, INNOVATIONEN & TECHNOLOGIEN IM BEREICH ERNÄHRUNGSSICHERHEIT UND LANDWIRTSCHAFT ENTWICKLUNGSPARTNERSCHAFT",llama3.2:3b,['Latin America'],[3],['Brazil'],
smaterialie355-afrika-finanzierungsprogramme.pdf,"WIE BEWIRBT MAN SICH? Unternehmen können sich auf offene Ausschreibungen bewerben Offene Ausschreibungen werden auf der Webseite und per Newsletter veröffentlicht. Der Bewerbungszeitraum, die Zugangskriterien und Bewerbungsauflagen variieren je nach Ausschreibung. HINWEISE Fokus auf Zugangskriterien: Unternehmen sollen in ihrer Bewerbung möglichst klar auf die allgemeinen Zugangskriterien und auf die Querschnittsthemen Armutsreduzierung, Innovation, schwierige Märkte und Gleichberechtigung eingehen. Beide werden näher in den Bewerbungsrichtlinien beschrieben. 25 9 9. Feed the Future – Private Sector Engagement Hub USAID KLEIN-, MITTEL- UND GROSSUNTERNEHMEN, INNOVATIONEN & TECHNOLOGIEN IM BEREICH ERNÄHRUNGSSICHERHEIT UND LANDWIRTSCHAFT ENTWICKLUNGSPARTNERSCHAFT",olfh/teuken-7b-instruct-commercial-v0.4:7b,"['Africa', 'Europe']","[1.4, 2.4, 8.7]",['Kenya'],
smaterialie355-afrika-finanzierungsprogramme.pdf,"WIE BEWIRBT MAN SICH? Unternehmen können sich auf offene Ausschreibungen bewerben Offene Ausschreibungen werden auf der Webseite und per Newsletter veröffentlicht. Der Bewerbungszeitraum, die Zugangskriterien und Bewerbungsauflagen variieren je nach Ausschreibung. HINWEISE Fokus auf Zugangskriterien: Unternehmen sollen in ihrer Bewerbung möglichst klar auf die allgemeinen Zugangskriterien und auf die Querschnittsthemen Armutsreduzierung, Innovation, schwierige Märkte und Gleichberechtigung eingehen. Beide werden näher in den Bewerbungsrichtlinien beschrieben. 25 9 9. Feed the Future – Private Sector Engagement Hub USAID KLEIN-, MITTEL- UND GROSSUNTERNEHMEN, INNOVATIONEN & TECHNOLOGIEN IM BEREICH ERNÄHRUNGSSICHERHEIT UND LANDWIRTSCHAFT ENTWICKLUNGSPARTNERSCHAFT",qwen2.5:7b,[],"[9.2, 9.4, 9.5]",[],
smaterialie355-afrika-finanzierungsprogramme.pdf,"WIE BEWIRBT MAN SICH? Unternehmen können sich auf offene Ausschreibungen bewerben Offene Ausschreibungen werden auf der Webseite und per Newsletter veröffentlicht. Der Bewerbungszeitraum, die Zugangskriterien und Bewerbungsauflagen variieren je nach Ausschreibung. HINWEISE Fokus auf Zugangskriterien: Unternehmen sollen in ihrer Bewerbung möglichst klar auf die allgemeinen Zugangskriterien und auf die Querschnittsthemen Armutsreduzierung, Innovation, schwierige Märkte und Gleichberechtigung eingehen. Beide werden näher in den Bewerbungsrichtlinien beschrieben. 25 9 9. Feed the Future – Private Sector Engagement Hub USAID KLEIN-, MITTEL- UND GROSSUNTERNEHMEN, INNOVATIONEN & TECHNOLOGIEN IM BEREICH ERNÄHRUNGSSICHERHEIT UND LANDWIRTSCHAFT ENTWICKLUNGSPARTNERSCHAFT",mistral:7b,['Asia'],"[8.4, 9.2, 9.5]",['Not specified'],
smaterialie355-afrika-finanzierungsprogramme.pdf,"WIE BEWIRBT MAN SICH? Unternehmen können sich auf offene Ausschreibungen bewerben Offene Ausschreibungen werden auf der Webseite und per Newsletter veröffentlicht. Der Bewerbungszeitraum, die Zugangskriterien und Bewerbungsauflagen variieren je nach Ausschreibung. HINWEISE Fokus auf Zugangskriterien: Unternehmen sollen in ihrer Bewerbung möglichst klar auf die allgemeinen Zugangskriterien und auf die Querschnittsthemen Armutsreduzierung, Innovation, schwierige Märkte und Gleichberechtigung eingehen. Beide werden näher in den Bewerbungsrichtlinien beschrieben. 25 9 9. Feed the Future – Private Sector Engagement Hub USAID KLEIN-, MITTEL- UND GROSSUNTERNEHMEN, INNOVATIONEN & TECHNOLOGIEN IM BEREICH ERNÄHRUNGSSICHERHEIT UND LANDWIRTSCHAFT ENTWICKLUNGSPARTNERSCHAFT",llama3.1:8b,['Europe'],[8.4],['Germany'],
bmz-leitlinien-evaluierung-2021.pdf,"• organisationsübergreifende Evaluierungen sowie Synthesen, die bereits gewonnene, empirisch untermauerte Erfahrungen der deutschen EZ und insbesondere auch anderer Geber oder der Wissenschaft aufbereiten; • Meta-Evaluierungen (Überprüfung der Qualität) der von den EZ-Organisationen durchgeführten Evaluierungen. Das DEval erstellt eigenständig sein mehrjähriges Evaluierungsprogramm. Dieses greift vor allem Evaluierungsbedarfe des BMZ und Empfehlungen des DEval-Beirats und dabei insbesondere der Vertreterinnen und Vertreter der Bundestagsfraktionen auf und enthält auch eigene Evaluierungsvorschläge. Intendierter Hauptnutzender der DEval-Evaluierungen ist das BMZ, zudem mittelbar der Deutsche Bundestag. Das Programm bedarf der Gesamtzustimmung der BMZ-Leitung. Die Unabhängigkeit des DEval bei der Auswahl seiner Evaluierungsgegenstände und bei der Durchführung seiner Evaluierungen und Studien ist gewährleistet. Basis der Durchführung sind seine eigenen Standards für Evaluierung, die den Standards dieser Leitlinien entsprechen bzw. darüber hinausgehen sollen.",llama3.2:3b,['Europe'],[8.4],['Germany'],
bmz-leitlinien-evaluierung-2021.pdf,"• organisationsübergreifende Evaluierungen sowie Synthesen, die bereits gewonnene, empirisch untermauerte Erfahrungen der deutschen EZ und insbesondere auch anderer Geber oder der Wissenschaft aufbereiten; • Meta-Evaluierungen (Überprüfung der Qualität) der von den EZ-Organisationen durchgeführten Evaluierungen. Das DEval erstellt eigenständig sein mehrjähriges Evaluierungsprogramm. Dieses greift vor allem Evaluierungsbedarfe des BMZ und Empfehlungen des DEval-Beirats und dabei insbesondere der Vertreterinnen und Vertreter der Bundestagsfraktionen auf und enthält auch eigene Evaluierungsvorschläge. Intendierter Hauptnutzender der DEval-Evaluierungen ist das BMZ, zudem mittelbar der Deutsche Bundestag. Das Programm bedarf der Gesamtzustimmung der BMZ-Leitung. Die Unabhängigkeit des DEval bei der Auswahl seiner Evaluierungsgegenstände und bei der Durchführung seiner Evaluierungen und Studien ist gewährleistet. Basis der Durchführung sind seine eigenen Standards für Evaluierung, die den Standards dieser Leitlinien entsprechen bzw. darüber hinausgehen sollen.",olfh/teuken-7b-instruct-commercial-v0.4:7b,[],[17.26],[],
bmz-leitlinien-evaluierung-2021.pdf,"• organisationsübergreifende Evaluierungen sowie Synthesen, die bereits gewonnene, empirisch untermauerte Erfahrungen der deutschen EZ und insbesondere auch anderer Geber oder der Wissenschaft aufbereiten; • Meta-Evaluierungen (Überprüfung der Qualität) der von den EZ-Organisationen durchgeführten Evaluierungen. Das DEval erstellt eigenständig sein mehrjähriges Evaluierungsprogramm. Dieses greift vor allem Evaluierungsbedarfe des BMZ und Empfehlungen des DEval-Beirats und dabei insbesondere der Vertreterinnen und Vertreter der Bundestagsfraktionen auf und enthält auch eigene Evaluierungsvorschläge. Intendierter Hauptnutzender der DEval-Evaluierungen ist das BMZ, zudem mittelbar der Deutsche Bundestag. Das Programm bedarf der Gesamtzustimmung der BMZ-Leitung. Die Unabhängigkeit des DEval bei der Auswahl seiner Evaluierungsgegenstände und bei der Durchführung seiner Evaluierungen und Studien ist gewährleistet. Basis der Durchführung sind seine eigenen Standards für Evaluierung, die den Standards dieser Leitlinien entsprechen bzw. darüber hinausgehen sollen.",qwen2.5:7b,[],[17.19],[],
bmz-leitlinien-evaluierung-2021.pdf,"• organisationsübergreifende Evaluierungen sowie Synthesen, die bereits gewonnene, empirisch untermauerte Erfahrungen der deutschen EZ und insbesondere auch anderer Geber oder der Wissenschaft aufbereiten; • Meta-Evaluierungen (Überprüfung der Qualität) der von den EZ-Organisationen durchgeführten Evaluierungen. Das DEval erstellt eigenständig sein mehrjähriges Evaluierungsprogramm. Dieses greift vor allem Evaluierungsbedarfe des BMZ und Empfehlungen des DEval-Beirats und dabei insbesondere der Vertreterinnen und Vertreter der Bundestagsfraktionen auf und enthält auch eigene Evaluierungsvorschläge. Intendierter Hauptnutzender der DEval-Evaluierungen ist das BMZ, zudem mittelbar der Deutsche Bundestag. Das Programm bedarf der Gesamtzustimmung der BMZ-Leitung. Die Unabhängigkeit des DEval bei der Auswahl seiner Evaluierungsgegenstände und bei der Durchführung seiner Evaluierungen und Studien ist gewährleistet. Basis der Durchführung sind seine eigenen Standards für Evaluierung, die den Standards dieser Leitlinien entsprechen bzw. darüber hinausgehen sollen.",mistral:7b,['Europe'],[17.19],['Germany'],
bmz-leitlinien-evaluierung-2021.pdf,"• organisationsübergreifende Evaluierungen sowie Synthesen, die bereits gewonnene, empirisch untermauerte Erfahrungen der deutschen EZ und insbesondere auch anderer Geber oder der Wissenschaft aufbereiten; • Meta-Evaluierungen (Überprüfung der Qualität) der von den EZ-Organisationen durchgeführten Evaluierungen. Das DEval erstellt eigenständig sein mehrjähriges Evaluierungsprogramm. Dieses greift vor allem Evaluierungsbedarfe des BMZ und Empfehlungen des DEval-Beirats und dabei insbesondere der Vertreterinnen und Vertreter der Bundestagsfraktionen auf und enthält auch eigene Evaluierungsvorschläge. Intendierter Hauptnutzender der DEval-Evaluierungen ist das BMZ, zudem mittelbar der Deutsche Bundestag. Das Programm bedarf der Gesamtzustimmung der BMZ-Leitung. Die Unabhängigkeit des DEval bei der Auswahl seiner Evaluierungsgegenstände und bei der Durchführung seiner Evaluierungen und Studien ist gewährleistet. Basis der Durchführung sind seine eigenen Standards für Evaluierung, die den Standards dieser Leitlinien entsprechen bzw. darüber hinausgehen sollen.",llama3.1:8b,[],[17.19],[],
